JADSNW010000001.1_provirus_107219_145338	Anti_CRISPR
JADSNW010000001.1_provirus_107219_145338	Anti_CRISPR
JADSNW010000001.1_provirus_107219_145338	Anti_CRISPR
JADSNW010000001.1_provirus_107219_145338	Anti_CRISPR
LEKB01000013.1_provirus_3_29352	Anti_CRISPR
LEKB01000013.1_provirus_3_29352	Anti_CRISPR
LEKB01000013.1_provirus_3_29352	Anti_CRISPR
LEKB01000013.1_provirus_3_29352	Anti_CRISPR
JAPZKN010000045.1_provirus_1_31494	Anti_CBASS
CAUKGL010000010.1_provirus_164337_197931	Anti_CBASS
JAMSLJ010000022.1_provirus_85790_118002	Anti_CRISPR
JAMSLJ010000022.1_provirus_85790_118002	Anti_CRISPR
LDKO01000030.1_provirus_34876_64225	Anti_CRISPR
LDKO01000030.1_provirus_34876_64225	Anti_CRISPR
CAULIF010000008.1_provirus_1_33595	Anti_CBASS
LLTS01000096.1_provirus_7762_43654	Anti_CRISPR
LLTS01000096.1_provirus_7762_43654	Anti_CRISPR
LLTS01000096.1_provirus_7762_43654	Anti_CRISPR
LLTS01000096.1_provirus_7762_43654	Anti_CRISPR
LLNL01000082.1_provirus_3_29174	Anti_CRISPR
LLNL01000082.1_provirus_3_29174	Anti_CRISPR
LLNL01000082.1_provirus_3_29174	Anti_CRISPR
LLNL01000082.1_provirus_3_29174	Anti_CRISPR
CABIOE010000002.1_provirus_321611_360037	Anti_CBASS
CAUMKR010000004.1_provirus_179823_219473	Anti_CBASS
JAHWGF010000038.1_provirus_42_39409	Anti_CBASS
CP132352.1_provirus_4164787_4203964	Anti_CBASS
VLTY01000019.1_provirus_28291_64416	Anti_CRISPR
VLTY01000019.1_provirus_28291_64416	Anti_CRISPR
VLTY01000019.1_provirus_28291_64416	Anti_CRISPR
VLTY01000019.1_provirus_28291_64416	Anti_CRISPR
JASAGB010000017.1_provirus_1_29465	Anti_CBASS
CABINT010000020.1_provirus_85861_118145	Anti_CRISPR
CABINT010000020.1_provirus_85861_118145	Anti_CRISPR
JAKLAD010000001.1_provirus_321583_360009	Anti_CBASS
CABIRU010000002.1_provirus_162937_201363	Anti_CBASS
LDMR01000048.1_provirus_3_29352	Anti_CRISPR
LDMR01000048.1_provirus_3_29352	Anti_CRISPR
LDMR01000048.1_provirus_3_29352	Anti_CRISPR
LDMR01000048.1_provirus_3_29352	Anti_CRISPR
DAFQBC010000012.1_provirus_45809_84476	Anti_CBASS
CABIRC010000002.1_provirus_210366_248792	Anti_CBASS
CP064393.1_provirus_4296695_4336191	Anti_CBASS
JAVFDR010000017.1_provirus_2_31758	Anti_CRISPR
JAVFDR010000017.1_provirus_2_31758	Anti_CRISPR
JAVFDR010000017.1_provirus_2_31758	Anti_CRISPR
JAVFDR010000017.1_provirus_2_31758	Anti_CRISPR
CP124648.1_provirus_5539515_5576757	Anti_CBASS
CP123786.1_provirus_524294_565363	Anti_CBASS
LEJA01000023.1_provirus_34876_64225	Anti_CRISPR
LEJA01000023.1_provirus_34876_64225	Anti_CRISPR
CATOXI010000001.1_provirus_949286_990041	Anti_CBASS
LEJW01000034.1_provirus_34876_64225	Anti_CRISPR
LEJW01000034.1_provirus_34876_64225	Anti_CRISPR
JANYOF010000008.1_provirus_101106_141092	Anti_CBASS
JAPCUD010000001.1_provirus_198360_238956	Anti_CRISPR
JAPCUD010000001.1_provirus_198360_238956	Anti_CRISPR
JAPCUD010000001.1_provirus_198360_238956	Anti_CRISPR
JAPCUD010000001.1_provirus_198360_238956	Anti_CRISPR
VTFF01000040.1_provirus_42209_81579	Anti_CBASS
JASCIA010000019.1_provirus_3_37503	Anti_CBASS
CP133738.1_provirus_1334904_1383248	Anti_CBASS
LEIR01000024.1_provirus_3_29352	Anti_CRISPR
LEIR01000024.1_provirus_3_29352	Anti_CRISPR
LEIR01000024.1_provirus_3_29352	Anti_CRISPR
LEIR01000024.1_provirus_3_29352	Anti_CRISPR
JAGFKI010000010.1_provirus_183717_215309	Anti_CBASS
FRGV01000003.1_provirus_15049_57241	Anti_CBASS
JAHEQK010000001.1_provirus_2808578_2844703	Anti_CRISPR
JAHEQK010000001.1_provirus_2808578_2844703	Anti_CRISPR
NINS01000003.1_provirus_262761_301654	Anti_CBASS
JAVFDU010000017.1_provirus_2_31758	Anti_CRISPR
JAVFDU010000017.1_provirus_2_31758	Anti_CRISPR
JAVFDU010000017.1_provirus_2_31758	Anti_CRISPR
JAVFDU010000017.1_provirus_2_31758	Anti_CRISPR
LEFW01000034.1_provirus_34876_64225	Anti_CRISPR
LEFW01000034.1_provirus_34876_64225	Anti_CRISPR
CABINX010000002.1_provirus_321611_360037	Anti_CBASS
DAIZPC010000010.1_provirus_20749_56874	Anti_CRISPR
DAIZPC010000010.1_provirus_20749_56874	Anti_CRISPR
DAIZPC010000010.1_provirus_20749_56874	Anti_CRISPR
DAIZPC010000010.1_provirus_20749_56874	Anti_CRISPR
JAWLPJ010000028.1_provirus_23568_59693	Anti_CRISPR
JAWLPJ010000028.1_provirus_23568_59693	Anti_CRISPR
JAWLPJ010000028.1_provirus_23568_59693	Anti_CRISPR
JAWLPJ010000028.1_provirus_23568_59693	Anti_CRISPR
JADITK010000004.1_provirus_174473_211421	Anti_CRISPR
JADITK010000004.1_provirus_174473_211421	Anti_CRISPR
JAIWSA010000014.1_provirus_68672_105620	Anti_CRISPR
JAIWSA010000014.1_provirus_68672_105620	Anti_CRISPR
LDKR01000048.1_provirus_34876_64225	Anti_CRISPR
LDKR01000048.1_provirus_34876_64225	Anti_CRISPR
CABILK010000025.1_provirus_62296_94148	Anti_CRISPR
CABILK010000025.1_provirus_62296_94148	Anti_CRISPR
CAULGV010000007.1_provirus_1_33595	Anti_CBASS
LDKV01000049.1_provirus_3_29352	Anti_CRISPR
LDKV01000049.1_provirus_3_29352	Anti_CRISPR
LDKV01000049.1_provirus_3_29352	Anti_CRISPR
LDKV01000049.1_provirus_3_29352	Anti_CRISPR
CP078004.1_provirus_5792746_5834219	Anti_CBASS
JAIFKD010000001.1_provirus_1291929_1340273	Anti_CBASS
WUAE01000021.1_provirus_3_31285	Anti_CBASS
JAPQZG010000014.1_provirus_2_33903	Anti_CBASS
JANZGF010000011.1_provirus_65157_101282	Anti_CRISPR
JANZGF010000011.1_provirus_65157_101282	Anti_CRISPR
JANZGF010000011.1_provirus_65157_101282	Anti_CRISPR
JANZGF010000011.1_provirus_65157_101282	Anti_CRISPR
LEID01000013.1_provirus_34876_64225	Anti_CRISPR
LEID01000013.1_provirus_34876_64225	Anti_CRISPR
DAIHIY010000032.1_provirus_36319_67946	Anti_CRISPR
DAIHIY010000032.1_provirus_36319_67946	Anti_CRISPR
SDVR01000033.1_provirus_7474_44482	Anti_CRISPR
SDVR01000033.1_provirus_7474_44482	Anti_CRISPR
SDVR01000033.1_provirus_7474_44482	Anti_CRISPR
SDVR01000033.1_provirus_7474_44482	Anti_CRISPR
CABIRA010000002.1_provirus_210362_248788	Anti_CBASS
JAIPVQ010000003.1_provirus_338576_387103	Anti_CBASS
FRGW01000048.1_provirus_93870_134084	Anti_CBASS
LDLX01000017.1_provirus_3_29352	Anti_CRISPR
LDLX01000017.1_provirus_3_29352	Anti_CRISPR
LDLX01000017.1_provirus_3_29352	Anti_CRISPR
LDLX01000017.1_provirus_3_29352	Anti_CRISPR
CAUMSL010000004.1_provirus_179823_219473	Anti_CBASS
JAMZQK010000002.1_provirus_362203_400984	Anti_CBASS
CABISB010000010.1_provirus_210362_245804	Anti_CBASS
LEFU01000032.1_provirus_3_29352	Anti_CRISPR
LEFU01000032.1_provirus_3_29352	Anti_CRISPR
LEFU01000032.1_provirus_3_29352	Anti_CRISPR
LEFU01000032.1_provirus_3_29352	Anti_CRISPR
RWLB01000005.1_provirus_187515_225525	Anti_CRISPR
RWLB01000005.1_provirus_187515_225525	Anti_CRISPR
RWLB01000005.1_provirus_187515_225525	Anti_CRISPR
RWLB01000005.1_provirus_187515_225525	Anti_CRISPR
JAIWRX010000003.1_provirus_78711_115659	Anti_CRISPR
JAIWRX010000003.1_provirus_78711_115659	Anti_CRISPR
JAIWRZ010000008.1_provirus_158321_195269	Anti_CRISPR
JAIWRZ010000008.1_provirus_158321_195269	Anti_CRISPR
LEIH01000018.1_provirus_34855_64204	Anti_CRISPR
LEIH01000018.1_provirus_34855_64204	Anti_CRISPR
LCSY01000063.1_provirus_3_29352	Anti_CRISPR
LCSY01000063.1_provirus_3_29352	Anti_CRISPR
LCSY01000063.1_provirus_3_29352	Anti_CRISPR
LCSY01000063.1_provirus_3_29352	Anti_CRISPR
CABISL010000010.1_provirus_210362_243774	Anti_CBASS
LLNO01000034.1_provirus_9754_48747	Anti_CBASS
LEFV01000008.1_provirus_3_29352	Anti_CRISPR
LEFV01000008.1_provirus_3_29352	Anti_CRISPR
LEFV01000008.1_provirus_3_29352	Anti_CRISPR
LEFV01000008.1_provirus_3_29352	Anti_CRISPR
CAULJN010000008.1_provirus_56147_95797	Anti_CBASS
NSNG01000021.1_provirus_45_29321	Anti_CRISPR
NSNG01000021.1_provirus_45_29321	Anti_CRISPR
DAFQNY010000002.1_provirus_61445_102176	Anti_CRISPR
DAFQNY010000002.1_provirus_61445_102176	Anti_CRISPR
JTNY01000040.1_provirus_68983_108236	Anti_CBASS
JADSWB010000029.1_provirus_15548_51550	Anti_CRISPR
JADSWB010000029.1_provirus_15548_51550	Anti_CRISPR
JADSWB010000029.1_provirus_15548_51550	Anti_CRISPR
JADSWB010000029.1_provirus_15548_51550	Anti_CRISPR
JABDUK010000036.1_provirus_9157_48975	Anti_CBASS
LDLC01000032.1_provirus_34876_64225	Anti_CRISPR
LDLC01000032.1_provirus_34876_64225	Anti_CRISPR
CP140431.1_provirus_6113830_6153089	Anti_CRISPR
CP140431.1_provirus_6113830_6153089	Anti_CRISPR
CABIRH010000002.1_provirus_210362_248788	Anti_CBASS
JARDUN010000001.1_provirus_1546532_1586027	Anti_CBASS
LEGJ01000038.1_provirus_3_29352	Anti_CRISPR
LEGJ01000038.1_provirus_3_29352	Anti_CRISPR
LEGJ01000038.1_provirus_3_29352	Anti_CRISPR
LEGJ01000038.1_provirus_3_29352	Anti_CRISPR
LEGR01000015.1_provirus_3_29352	Anti_CRISPR
LEGR01000015.1_provirus_3_29352	Anti_CRISPR
LEGR01000015.1_provirus_3_29352	Anti_CRISPR
LEGR01000015.1_provirus_3_29352	Anti_CRISPR
DAFQPN010000002.1_provirus_61451_102182	Anti_CRISPR
DAFQPN010000002.1_provirus_61451_102182	Anti_CRISPR
CP075750.1_provirus_1005532_1043934	Anti_CBASS
ABKGBU020000004.1_provirus_87213_126472	Anti_CRISPR
ABKGBU020000004.1_provirus_87213_126472	Anti_CRISPR
DAQPBM010000002.1_provirus_102759_141408	Anti_CRISPR
DAQPBM010000002.1_provirus_102759_141408	Anti_CRISPR
DAQPBM010000002.1_provirus_102759_141408	Anti_CRISPR
DAQPBM010000002.1_provirus_102759_141408	Anti_CRISPR
CP046060.1_provirus_5154354_5193634	Anti_CBASS
CP046402.2_provirus_2895228_2936300	Anti_CBASS
CP092032.1_provirus_6345125_6382073	Anti_CRISPR
CP092032.1_provirus_6345125_6382073	Anti_CRISPR
CP092032.1_provirus_6345125_6382073	Anti_CRISPR
CP092032.1_provirus_6345125_6382073	Anti_CRISPR
LDMS01000010.1_provirus_34876_64225	Anti_CRISPR
LDMS01000010.1_provirus_34876_64225	Anti_CRISPR
FRGJ01000008.1_provirus_325494_365708	Anti_CBASS
CARULF010000005.1_provirus_129089_168657	Anti_CBASS
CP120859.1_provirus_6393914_6436107	Anti_CBASS
JAXASG010000005.1_provirus_1734973_1771146	Anti_CBASS
JAKKZT010000035.1_provirus_29150_62746	Anti_CBASS
DAFPKB010000008.1_provirus_66697_103939	Anti_CBASS
LRYP01000033.1_provirus_251868_287991	Anti_CRISPR
LRYP01000033.1_provirus_251868_287991	Anti_CRISPR
LRYP01000033.1_provirus_251868_287991	Anti_CRISPR
LRYP01000033.1_provirus_251868_287991	Anti_CRISPR
CABIQT010000002.1_provirus_162847_201273	Anti_CBASS
DAFSIG010000001.1_provirus_877776_917029	Anti_CBASS
NTAC01000016.1_provirus_32558_71588	Anti_CRISPR
NTAC01000016.1_provirus_32558_71588	Anti_CRISPR
NTAC01000016.1_provirus_32558_71588	Anti_CRISPR
NTAC01000016.1_provirus_32558_71588	Anti_CRISPR
JAMSLK010000002.1_provirus_362203_400984	Anti_CBASS
JAJPNB010000001.1_provirus_625903_660371	Anti_CBASS
JAVFHB010000017.1_provirus_3_31726	Anti_CRISPR
JAVFHB010000017.1_provirus_3_31726	Anti_CRISPR
JAVFHB010000017.1_provirus_3_31726	Anti_CRISPR
JAVFHB010000017.1_provirus_3_31726	Anti_CRISPR
LDKW01000042.1_provirus_34876_64225	Anti_CRISPR
LDKW01000042.1_provirus_34876_64225	Anti_CRISPR
DAIZRN010000008.1_provirus_66115_105083	Anti_CBASS
JAXASF010000013.1_provirus_1731731_1770614	Anti_CBASS
DAFRVT010000021.1_provirus_73269_104722	Anti_CRISPR
DAFRVT010000021.1_provirus_73269_104722	Anti_CRISPR
DAFRVT010000021.1_provirus_73269_104722	Anti_CRISPR
DAFRVT010000021.1_provirus_73269_104722	Anti_CRISPR
STZK01000014.1_provirus_38444_74569	Anti_CRISPR
STZK01000014.1_provirus_38444_74569	Anti_CRISPR
CP027166.1_provirus_425657_465781	Anti_CBASS
CP136014.1_provirus_5297747_5337243	Anti_CBASS
LYTU01000008.1_provirus_83544_114586	Anti_CBASS
JASCHT010000002.1_provirus_81182_119998	Anti_CBASS
JADIWI010000009.1_provirus_7154_43812	Anti_CRISPR
JADIWI010000009.1_provirus_7154_43812	Anti_CRISPR
JADIWI010000009.1_provirus_7154_43812	Anti_CRISPR
JADIWI010000009.1_provirus_7154_43812	Anti_CRISPR
DAHOQB010000026.1_provirus_25914_62777	Anti_CRISPR
DAHOQB010000026.1_provirus_25914_62777	Anti_CRISPR
DAHOQB010000026.1_provirus_25914_62777	Anti_CRISPR
DAHOQB010000026.1_provirus_25914_62777	Anti_CRISPR
ABNCNP010000011.1_provirus_22340_61128	Anti_CBASS
JAKKKK010000013.1_provirus_129345_165151	Anti_CBASS
CAULEU010000008.1_provirus_171379_204973	Anti_CBASS
JAPPVL010000014.1_provirus_2_33903	Anti_CBASS
DAJRVB010000021.1_provirus_49357_88145	Anti_CBASS
LRYO01000007.1_provirus_18642_54765	Anti_CRISPR
LRYO01000007.1_provirus_18642_54765	Anti_CRISPR
LRYO01000007.1_provirus_18642_54765	Anti_CRISPR
LRYO01000007.1_provirus_18642_54765	Anti_CRISPR
JANUWT010000032.1_provirus_2_33571	Anti_CBASS
LEIW01000023.1_provirus_34876_64225	Anti_CRISPR
LEIW01000023.1_provirus_34876_64225	Anti_CRISPR
JANZGD010000010.1_provirus_65061_101186	Anti_CRISPR
JANZGD010000010.1_provirus_65061_101186	Anti_CRISPR
JANZGD010000010.1_provirus_65061_101186	Anti_CRISPR
JANZGD010000010.1_provirus_65061_101186	Anti_CRISPR
STRZ01000043.1_provirus_32257_69508	Anti_CBASS
CP054581.1_provirus_5869401_5911779	Anti_CBASS
JADTRS010000029.1_provirus_7985_46919	Anti_CBASS
FRSL01000123.1_provirus_130657_166782	Anti_CRISPR
FRSL01000123.1_provirus_130657_166782	Anti_CRISPR
JANZCV010000001.1_provirus_686711_722836	Anti_CRISPR
JANZCV010000001.1_provirus_686711_722836	Anti_CRISPR
LEIG01000007.1_provirus_3_29352	Anti_CRISPR
LEIG01000007.1_provirus_3_29352	Anti_CRISPR
LEIG01000007.1_provirus_3_29352	Anti_CRISPR
LEIG01000007.1_provirus_3_29352	Anti_CRISPR
JADTRY010000001.1_provirus_118267_157620	Anti_CBASS
CABIPY010000001.1_provirus_215838_254264	Anti_CBASS
LSAD01000044.1_provirus_186930_224746	Anti_CRISPR
LSAD01000044.1_provirus_186930_224746	Anti_CRISPR
CP096953.1_provirus_865728_905722	Anti_CBASS
NFGV01000002.1_provirus_190653_229857	Anti_CBASS
JABDUM010000020.1_provirus_81307_121125	Anti_CBASS
CABIOI010000023.1_provirus_62213_93990	Anti_CRISPR
CABIOI010000023.1_provirus_62213_93990	Anti_CRISPR
VZIM01000058.1_provirus_2_32775	Anti_CBASS
RWLZ01000002.1_provirus_490868_530007	Anti_CRISPR
RWLZ01000002.1_provirus_490868_530007	Anti_CRISPR
RWLZ01000002.1_provirus_490868_530007	Anti_CRISPR
RWLZ01000002.1_provirus_490868_530007	Anti_CRISPR
JADTRS010000001.1_provirus_33603_69728	Anti_CRISPR
JADTRS010000001.1_provirus_33603_69728	Anti_CRISPR
JADTRS010000001.1_provirus_33603_69728	Anti_CRISPR
JADTRS010000001.1_provirus_33603_69728	Anti_CRISPR
KK212564.1_provirus_67076_106329	Anti_CBASS
DARSDQ010000001.1_provirus_185272_226284	Anti_CBASS
LRZZ01000005.1_provirus_84930_121880	Anti_CRISPR
LRZZ01000005.1_provirus_84930_121880	Anti_CRISPR
JTTC01000017.1_provirus_14980_54274	Anti_CBASS
CABINR010000019.1_provirus_85861_117626	Anti_CRISPR
CABINR010000019.1_provirus_85861_117626	Anti_CRISPR
CABINU010000023.1_provirus_62208_94492	Anti_CRISPR
CABINU010000023.1_provirus_62208_94492	Anti_CRISPR
CATOXZ010000011.1_provirus_78892_128717	Anti_CRISPR
CP120881.1_provirus_3078646_3115796	Anti_CRISPR
CP120881.1_provirus_3078646_3115796	Anti_CRISPR
CP120881.1_provirus_3078646_3115796	Anti_CRISPR
CP120881.1_provirus_3078646_3115796	Anti_CRISPR
LRYS01000030.1_provirus_453675_489799	Anti_CRISPR
LRYS01000030.1_provirus_453675_489799	Anti_CRISPR
LRYS01000030.1_provirus_453675_489799	Anti_CRISPR
LRYS01000030.1_provirus_453675_489799	Anti_CRISPR
FRHS01000006.1_provirus_17060_53185	Anti_CRISPR
FRHS01000006.1_provirus_17060_53185	Anti_CRISPR
FRHS01000006.1_provirus_17060_53185	Anti_CRISPR
FRHS01000006.1_provirus_17060_53185	Anti_CRISPR
JAKKJU010000013.1_provirus_129345_161570	Anti_CBASS
CP030911.1_provirus_5974190_6013079	Anti_CBASS
CP054789.1_provirus_1794171_1831474	Anti_CRISPR
LDMK01000024.1_provirus_3_29352	Anti_CRISPR
LDMK01000024.1_provirus_3_29352	Anti_CRISPR
LDMK01000024.1_provirus_3_29352	Anti_CRISPR
LDMK01000024.1_provirus_3_29352	Anti_CRISPR
CP054788.1_provirus_323557_363648	Anti_CBASS
JAWIXM010000001.1_provirus_271212_307337	Anti_CRISPR
JAWIXM010000001.1_provirus_271212_307337	Anti_CRISPR
JAWIXM010000001.1_provirus_271212_307337	Anti_CRISPR
JAWIXM010000001.1_provirus_271212_307337	Anti_CRISPR
CAUMFR010000004.1_provirus_142546_182196	Anti_CBASS
JTUI01000059.1_provirus_115146_148575	Anti_CRISPR
JTUI01000059.1_provirus_115146_148575	Anti_CRISPR
CAULDZ010000036.1_provirus_19818_56593	Anti_CRISPR
CAULDZ010000036.1_provirus_19818_56593	Anti_CRISPR
CAULDZ010000036.1_provirus_19818_56593	Anti_CRISPR
CAULDZ010000036.1_provirus_19818_56593	Anti_CRISPR
WOAE01000009.1_provirus_40782_80080	Anti_CBASS
DAFQNZ010000039.1_provirus_38347_67452	Anti_CRISPR
DAFQNZ010000039.1_provirus_38347_67452	Anti_CRISPR
RADN01000043.1_provirus_58829_98145	Anti_CBASS
JAKKLM010000013.1_provirus_83466_124386	Anti_CBASS
NSON01000014.1_provirus_79790_118683	Anti_CBASS
CP104254.1_provirus_1537580_1575318	Anti_CRISPR
CP104254.1_provirus_1537580_1575318	Anti_CRISPR
CABIPP010000001.1_provirus_210362_248788	Anti_CBASS
JACHLG010000005.1_provirus_45864_85524	Anti_CBASS
LDLI01000037.1_provirus_3_29352	Anti_CRISPR
LDLI01000037.1_provirus_3_29352	Anti_CRISPR
LDLI01000037.1_provirus_3_29352	Anti_CRISPR
LDLI01000037.1_provirus_3_29352	Anti_CRISPR
DAFPRB010000017.1_provirus_24853_64471	Anti_CBASS
JAFFTP010000001.1_provirus_463093_499034	Anti_CRISPR
JAFFTP010000001.1_provirus_463093_499034	Anti_CRISPR
JAFFTP010000001.1_provirus_463093_499034	Anti_CRISPR
JAFFTP010000001.1_provirus_463093_499034	Anti_CRISPR
JALIXI010000038.1_provirus_174503_214178	Anti_CBASS
DAHMMP010000015.1_provirus_19985_57749	Anti_CRISPR
DAHMMP010000015.1_provirus_19985_57749	Anti_CRISPR
CP054789.1_provirus_824860_861204	Anti_CRISPR
CP054789.1_provirus_824860_861204	Anti_CRISPR
CP050149.1_provirus_2447508_2487026	Anti_CBASS
JAPEVJ010000084.1_provirus_178694_218153	Anti_CBASS
CP102441.2_provirus_2338422_2377917	Anti_CBASS
JAMOHB010000011.1_provirus_176615_216609	Anti_CBASS
JABDUN010000017.1_provirus_43969_83787	Anti_CBASS
LDLQ01000061.1_provirus_34876_64225	Anti_CRISPR
LDLQ01000061.1_provirus_34876_64225	Anti_CRISPR
SDVI01000028.1_provirus_7155_44163	Anti_CRISPR
SDVI01000028.1_provirus_7155_44163	Anti_CRISPR
SDVI01000028.1_provirus_7155_44163	Anti_CRISPR
SDVI01000028.1_provirus_7155_44163	Anti_CRISPR
JABLTY010000007.1_provirus_58646_98306	Anti_CBASS
JTMI01000009.1_provirus_20302_58614	Anti_CBASS
RWWN01000203.1_provirus_49923_81260	Anti_CBASS
LEHC01000037.1_provirus_3_29784	Anti_CRISPR
LEHC01000037.1_provirus_3_29784	Anti_CRISPR
LEHC01000037.1_provirus_3_29784	Anti_CRISPR
LEHC01000037.1_provirus_3_29784	Anti_CRISPR
LEHQ01000025.1_provirus_3_29352	Anti_CRISPR
LEHQ01000025.1_provirus_3_29352	Anti_CRISPR
LEHQ01000025.1_provirus_3_29352	Anti_CRISPR
LEHQ01000025.1_provirus_3_29352	Anti_CRISPR
JAKLAG010000001.1_provirus_321589_360015	Anti_CBASS
CAULYX010000035.1_provirus_19818_56593	Anti_CRISPR
CAULYX010000035.1_provirus_19818_56593	Anti_CRISPR
CAULYX010000035.1_provirus_19818_56593	Anti_CRISPR
CAULYX010000035.1_provirus_19818_56593	Anti_CRISPR
LEIC01000054.1_provirus_34876_64225	Anti_CRISPR
LEIC01000054.1_provirus_34876_64225	Anti_CRISPR
CAUNTT010000011.1_provirus_65882_102007	Anti_CRISPR
CAUNTT010000011.1_provirus_65882_102007	Anti_CRISPR
CAUNTT010000011.1_provirus_65882_102007	Anti_CRISPR
CAUNTT010000011.1_provirus_65882_102007	Anti_CRISPR
CAUKWG010000009.1_provirus_171379_204973	Anti_CBASS
CP054790.1_provirus_824875_861218	Anti_CRISPR
CP054790.1_provirus_824875_861218	Anti_CRISPR
CAUOAR010000012.1_provirus_65850_101975	Anti_CRISPR
CAUOAR010000012.1_provirus_65850_101975	Anti_CRISPR
CAUOAR010000012.1_provirus_65850_101975	Anti_CRISPR
CAUOAR010000012.1_provirus_65850_101975	Anti_CRISPR
CAULYY010000009.1_provirus_123181_163275	Anti_CBASS
JAMWMN010000001.1_provirus_4267667_4307163	Anti_CBASS
LEFZ01000033.1_provirus_35053_64402	Anti_CRISPR
LEFZ01000033.1_provirus_35053_64402	Anti_CRISPR
LEKA01000035.1_provirus_34461_63810	Anti_CRISPR
LEKA01000035.1_provirus_34461_63810	Anti_CRISPR
CABINB010000019.1_provirus_85861_117638	Anti_CRISPR
CABINB010000019.1_provirus_85861_117638	Anti_CRISPR
CABITI010000002.1_provirus_215838_254264	Anti_CBASS
DARMHP010000034.1_provirus_17728_57937	Anti_CBASS
JAUAWJ010000004.1_provirus_158_38434	Anti_CBASS
CABITN010000002.1_provirus_513415_552282	Anti_CBASS
JAOCKR010000015.1_provirus_37430_80080	Anti_CBASS
JTPL01000014.1_provirus_14981_54275	Anti_CBASS
CABIQX010000002.1_provirus_162869_201295	Anti_CBASS
DAIHIG010000028.1_provirus_62131_93758	Anti_CRISPR
DAIHIG010000028.1_provirus_62131_93758	Anti_CRISPR
DAIBRA010000003.1_provirus_26183_65436	Anti_CBASS
CAUNVN010000010.1_provirus_36378_76472	Anti_CBASS
JANZCU010000010.1_provirus_65061_101186	Anti_CRISPR
JANZCU010000010.1_provirus_65061_101186	Anti_CRISPR
JANZCU010000010.1_provirus_65061_101186	Anti_CRISPR
JANZCU010000010.1_provirus_65061_101186	Anti_CRISPR
DAJRSM010000038.1_provirus_3_30287	Anti_CBASS
JASCHY010000019.1_provirus_3_37503	Anti_CBASS
JABLSW010000004.1_provirus_46362_85898	Anti_CBASS
DAIHRJ010000021.1_provirus_62166_93303	Anti_CRISPR
DAIHRJ010000021.1_provirus_62166_93303	Anti_CRISPR
JAEHUI010000001.1_provirus_186105_222811	Anti_CRISPR
JAEHUI010000001.1_provirus_186105_222811	Anti_CRISPR
JAEHUI010000001.1_provirus_186105_222811	Anti_CRISPR
JAEHUI010000001.1_provirus_186105_222811	Anti_CRISPR
JAUAWH010000004.1_provirus_2_33339	Anti_CBASS
NFFJ01000022.1_provirus_92771_132431	Anti_CBASS
FRNQ01000037.1_provirus_40629_79805	Anti_CBASS
JADSYH010000006.1_provirus_123838_161253	Anti_CRISPR
JADSYH010000006.1_provirus_123838_161253	Anti_CRISPR
JADSYH010000006.1_provirus_123838_161253	Anti_CRISPR
JADSYH010000006.1_provirus_123838_161253	Anti_CRISPR
CP137507.1_provirus_3901649_3940437	Anti_CBASS
JANZCH010000004.1_provirus_461989_500062	Anti_CBASS
JAPCSY010000003.1_provirus_85754_117423	Anti_CRISPR
JAPCSY010000003.1_provirus_85754_117423	Anti_CRISPR
ABEUTL020000010.1_provirus_3972_39864	Anti_CRISPR
ABEUTL020000010.1_provirus_3972_39864	Anti_CRISPR
JAOWAA010000005.1_provirus_115540_151662	Anti_CRISPR
JAOWAA010000005.1_provirus_115540_151662	Anti_CRISPR
JAOWAA010000005.1_provirus_115540_151662	Anti_CRISPR
JAOWAA010000005.1_provirus_115540_151662	Anti_CRISPR
CAUKWO010000034.1_provirus_264_37039	Anti_CRISPR
CAUKWO010000034.1_provirus_264_37039	Anti_CRISPR
LDLE01000053.1_provirus_34876_64225	Anti_CRISPR
LDLE01000053.1_provirus_34876_64225	Anti_CRISPR
CABILA010000001.1_provirus_215598_254024	Anti_CBASS
LEJY01000009.1_provirus_34876_64225	Anti_CRISPR
LEJY01000009.1_provirus_34876_64225	Anti_CRISPR
CAUKJZ010000011.1_provirus_36372_76466	Anti_CBASS
LEJU01000076.1_provirus_3_29352	Anti_CRISPR
LEJU01000076.1_provirus_3_29352	Anti_CRISPR
LEJU01000076.1_provirus_3_29352	Anti_CRISPR
LEJU01000076.1_provirus_3_29352	Anti_CRISPR
CP075176.1_provirus_6001618_6044222	Anti_CRISPR
CP075176.1_provirus_6001618_6044222	Anti_CRISPR
CP075176.1_provirus_6001618_6044222	Anti_CRISPR
CP075176.1_provirus_6001618_6044222	Anti_CRISPR
LRYT01000028.1_provirus_453673_489796	Anti_CRISPR
LRYT01000028.1_provirus_453673_489796	Anti_CRISPR
LRYT01000028.1_provirus_453673_489796	Anti_CRISPR
LRYT01000028.1_provirus_453673_489796	Anti_CRISPR
ABEUTV010000045.1_provirus_21033_55642	Anti_CRISPR
ABEUTV010000045.1_provirus_21033_55642	Anti_CRISPR
ABEUTV010000045.1_provirus_21033_55642	Anti_CRISPR
ABEUTV010000045.1_provirus_21033_55642	Anti_CRISPR
LEGP01000024.1_provirus_34876_64225	Anti_CRISPR
LEGP01000024.1_provirus_34876_64225	Anti_CRISPR
CABITP010000013.1_provirus_94544_126614	Anti_CRISPR
CABITP010000013.1_provirus_94544_126614	Anti_CRISPR
CABIOK010000001.1_provirus_210362_248788	Anti_CBASS
JAMSLB010000022.1_provirus_85790_118002	Anti_CRISPR
JAMSLB010000022.1_provirus_85790_118002	Anti_CRISPR
LJZN01000122.1_provirus_19713_60134	Anti_CBASS
JABDUX010000015.1_provirus_7502_47320	Anti_CBASS
LEJK01000048.1_provirus_3_29352	Anti_CRISPR
LEJK01000048.1_provirus_3_29352	Anti_CRISPR
LEJK01000048.1_provirus_3_29352	Anti_CRISPR
LEJK01000048.1_provirus_3_29352	Anti_CRISPR
SDVJ01000027.1_provirus_7140_44148	Anti_CRISPR
SDVJ01000027.1_provirus_7140_44148	Anti_CRISPR
SDVJ01000027.1_provirus_7140_44148	Anti_CRISPR
SDVJ01000027.1_provirus_7140_44148	Anti_CRISPR
CAUMWX010000005.1_provirus_84232_123882	Anti_CBASS
CABISK010000010.1_provirus_210362_242277	Anti_CBASS
STRD01000009.1_provirus_45141_84991	Anti_CBASS
CP124660.1_provirus_6067872_6107594	Anti_CBASS
CAUKMJ010000009.1_provirus_171381_204975	Anti_CBASS
DAFRLZ010000031.1_provirus_33655_70603	Anti_CRISPR
DAFRLZ010000031.1_provirus_33655_70603	Anti_CRISPR
ABNTKY010000014.1_provirus_69800_105943	Anti_CBASS
JADSVO010000007.1_provirus_36909_76588	Anti_CBASS
QBES01000003.1_provirus_72006_108265	Anti_CRISPR
QBES01000003.1_provirus_72006_108265	Anti_CRISPR
QBES01000003.1_provirus_72006_108265	Anti_CRISPR
QBES01000003.1_provirus_72006_108265	Anti_CRISPR
CABITK010000012.1_provirus_94573_126338	Anti_CRISPR
CABITK010000012.1_provirus_94573_126338	Anti_CRISPR
CAUMAU010000011.1_provirus_118049_157664	Anti_CBASS
JADIUT010000011.1_provirus_176615_216609	Anti_CBASS
JAEIDR010000007.1_provirus_86277_125241	Anti_CBASS
CABIPA010000021.1_provirus_85861_117638	Anti_CRISPR
CABIPA010000021.1_provirus_85861_117638	Anti_CRISPR
CAUNLP010000011.1_provirus_36378_76472	Anti_CBASS
CAUMNQ010000011.1_provirus_30056_69671	Anti_CBASS
JADSND010000007.1_provirus_39886_79565	Anti_CBASS
JAEHUQ010000010.1_provirus_169404_209530	Anti_CBASS
CAUOBA010000009.1_provirus_171380_204974	Anti_CBASS
JAUKGM010000020.1_provirus_9224_46485	Anti_CRISPR
JAUKGM010000020.1_provirus_9224_46485	Anti_CRISPR
FRFZ01000082.1_provirus_325488_365702	Anti_CBASS
CABIOV010000020.1_provirus_85861_117623	Anti_CRISPR
CABIOV010000020.1_provirus_85861_117623	Anti_CRISPR
RWLR01000016.1_provirus_3_35918	Anti_CBASS
LDKN01000032.1_provirus_34876_64225	Anti_CRISPR
LDKN01000032.1_provirus_34876_64225	Anti_CRISPR
NFFH01000001.1_provirus_148990_188650	Anti_CBASS
DAFQPT010000007.1_provirus_30525_71256	Anti_CRISPR
DAFQPT010000007.1_provirus_30525_71256	Anti_CRISPR
DAFQPT010000007.1_provirus_30525_71256	Anti_CRISPR
DAFQPT010000007.1_provirus_30525_71256	Anti_CRISPR
LDKX01000050.1_provirus_34876_64225	Anti_CRISPR
LDKX01000050.1_provirus_34876_64225	Anti_CRISPR
CABIOL010000021.1_provirus_85861_117638	Anti_CRISPR
CABIOL010000021.1_provirus_85861_117638	Anti_CRISPR
LEGW01000040.1_provirus_34735_64084	Anti_CRISPR
LEGW01000040.1_provirus_34735_64084	Anti_CRISPR
LDLZ01000009.1_provirus_34876_64225	Anti_CRISPR
LDLZ01000009.1_provirus_34876_64225	Anti_CRISPR
JAVCYJ010000034.1_provirus_1_44366	Anti_CBASS
LDLK01000035.1_provirus_34876_64225	Anti_CRISPR
LDLK01000035.1_provirus_34876_64225	Anti_CRISPR
LEHG01000064.1_provirus_34876_64225	Anti_CRISPR
LEHG01000064.1_provirus_34876_64225	Anti_CRISPR
CP054845.1_provirus_4349164_4386112	Anti_CRISPR
CP054845.1_provirus_4349164_4386112	Anti_CRISPR
LDKS01000050.1_provirus_3_29352	Anti_CRISPR
LDKS01000050.1_provirus_3_29352	Anti_CRISPR
LDKS01000050.1_provirus_3_29352	Anti_CRISPR
LDKS01000050.1_provirus_3_29352	Anti_CRISPR
JAMOHG010000012.1_provirus_33845_73839	Anti_CBASS
FRSM01000196.1_provirus_56444_95560	Anti_CRISPR
FRSM01000196.1_provirus_56444_95560	Anti_CRISPR
FRSM01000196.1_provirus_56444_95560	Anti_CRISPR
FRSM01000196.1_provirus_56444_95560	Anti_CRISPR
CAULXT010000010.1_provirus_123181_163275	Anti_CBASS
VCOV01000018.1_provirus_128305_165503	Anti_CBASS
DAFRNO010000008.1_provirus_33655_70603	Anti_CRISPR
DAFRNO010000008.1_provirus_33655_70603	Anti_CRISPR
CAULCA010000005.1_provirus_117018_156633	Anti_CBASS
CABIRM010000002.1_provirus_210362_248788	Anti_CBASS
LDLT01000016.1_provirus_53_29161	Anti_CRISPR
LDLT01000016.1_provirus_53_29161	Anti_CRISPR
LDLT01000016.1_provirus_53_29161	Anti_CRISPR
LDLT01000016.1_provirus_53_29161	Anti_CRISPR
JTVD01000015.1_provirus_70080_107028	Anti_CRISPR
JTVD01000015.1_provirus_70080_107028	Anti_CRISPR
DAGYBP010000026.1_provirus_4691_42847	Anti_CRISPR
DAGYBP010000026.1_provirus_4691_42847	Anti_CRISPR
CP054845.1_provirus_5260384_5302680	Anti_CBASS
CABITG010000002.1_provirus_335219_373645	Anti_CBASS
CAUKTJ010000006.1_provirus_117018_156633	Anti_CBASS
CABIRT010000013.1_provirus_94573_126652	Anti_CRISPR
CABIRT010000013.1_provirus_94573_126652	Anti_CRISPR
QZXZ01000134.1_provirus_393715_429611	Anti_CRISPR
QZXZ01000134.1_provirus_393715_429611	Anti_CRISPR
LEJL01000069.1_provirus_3_29352	Anti_CRISPR
LEJL01000069.1_provirus_3_29352	Anti_CRISPR
LEJL01000069.1_provirus_3_29352	Anti_CRISPR
LEJL01000069.1_provirus_3_29352	Anti_CRISPR
NFFD01000001.1_provirus_148990_188650	Anti_CBASS
CP075844.1_provirus_1291937_1340281	Anti_CBASS
JADTDX010000009.1_provirus_36909_76588	Anti_CBASS
CBTR010000009.1_provirus_510467_558811	Anti_CBASS
JANYWY010000034.1_provirus_20875_59715	Anti_CRISPR
JANYWY010000034.1_provirus_20875_59715	Anti_CRISPR
JANYWY010000034.1_provirus_20875_59715	Anti_CRISPR
JANYWY010000034.1_provirus_20875_59715	Anti_CRISPR
CP041774.1_provirus_4922876_4962372	Anti_CBASS
STXV01000008.1_provirus_95829_136056	Anti_CBASS
CP027538.1_provirus_3643625_3682699	Anti_CBASS
SDVL01000027.1_provirus_21906_68040	Anti_CRISPR
SDVL01000027.1_provirus_21906_68040	Anti_CRISPR
JASBHV010000012.1_provirus_43555_84335	Anti_CBASS
LEIP01000040.1_provirus_34870_64219	Anti_CRISPR
LEIP01000040.1_provirus_34870_64219	Anti_CRISPR
CAUKFZ010000005.1_provirus_179823_219473	Anti_CBASS
CP075841.1_provirus_1739500_1775625	Anti_CRISPR
CP075841.1_provirus_1739500_1775625	Anti_CRISPR
JAIWRR010000002.1_provirus_76421_115292	Anti_CBASS
LSAE01000011.1_provirus_222821_260637	Anti_CRISPR
LSAE01000011.1_provirus_222821_260637	Anti_CRISPR
CAULAJ010000036.1_provirus_19818_56593	Anti_CRISPR
CAULAJ010000036.1_provirus_19818_56593	Anti_CRISPR
CAULAJ010000036.1_provirus_19818_56593	Anti_CRISPR
CAULAJ010000036.1_provirus_19818_56593	Anti_CRISPR
CABISJ010000049.1_provirus_2_32286	Anti_CRISPR
CABISJ010000049.1_provirus_2_32286	Anti_CRISPR
CABISJ010000049.1_provirus_2_32286	Anti_CRISPR
CABISJ010000049.1_provirus_2_32286	Anti_CRISPR
CP123792.1_provirus_1712890_1752457	Anti_CBASS
JABLSX010000023.1_provirus_36661_75405	Anti_CRISPR
JABLSX010000023.1_provirus_36661_75405	Anti_CRISPR
JAHTBP010000014.1_provirus_49041_88003	Anti_CBASS
JAMKXV010000011.1_provirus_2_28855	Anti_CRISPR
JAMKXV010000011.1_provirus_2_28855	Anti_CRISPR
JAMKXV010000011.1_provirus_2_28855	Anti_CRISPR
JAMKXV010000011.1_provirus_2_28855	Anti_CRISPR
AP014622.1_provirus_1292389_1341229	Anti_CBASS
CABIPU010000011.1_provirus_210362_246007	Anti_CBASS
JAHEQN010000002.1_provirus_73547_114067	Anti_CBASS
CP053706.1_provirus_6067862_6107439	Anti_CBASS
CABISF010000016.1_provirus_162868_194783	Anti_CBASS
JAKKMN010000026.1_provirus_3_31140	Anti_CRISPR
JAKKMN010000026.1_provirus_3_31140	Anti_CRISPR
JAKKMN010000026.1_provirus_3_31140	Anti_CRISPR
JAKKMN010000026.1_provirus_3_31140	Anti_CRISPR
JTZM01000011.1_provirus_85734_124978	Anti_CRISPR
JTZM01000011.1_provirus_85734_124978	Anti_CRISPR
LCSV01000003.1_provirus_124433_161381	Anti_CRISPR
LCSV01000003.1_provirus_124433_161381	Anti_CRISPR
LCSV01000003.1_provirus_124433_161381	Anti_CRISPR
LCSV01000003.1_provirus_124433_161381	Anti_CRISPR
JASCHZ010000017.1_provirus_3_37503	Anti_CBASS
CVWQ01000022.1_provirus_35805_75058	Anti_CBASS
CP124662.1_provirus_5725975_5765003	Anti_CBASS
CABILG010000001.1_provirus_321617_360043	Anti_CBASS
DAHNPO010000015.1_provirus_17113_56398	Anti_CBASS
NSPJ01000008.1_provirus_216625_256704	Anti_CBASS
CABIRS010000002.1_provirus_160657_199083	Anti_CBASS
LEJM01000036.1_provirus_34876_64225	Anti_CRISPR
LEJM01000036.1_provirus_34876_64225	Anti_CRISPR
DAFPAF010000006.1_provirus_41911_78036	Anti_CRISPR
DAFPAF010000006.1_provirus_41911_78036	Anti_CRISPR
DAFPAF010000006.1_provirus_41911_78036	Anti_CRISPR
DAFPAF010000006.1_provirus_41911_78036	Anti_CRISPR
CAUNSL010000006.1_provirus_118049_157664	Anti_CBASS
CABIQR010000001.1_provirus_162915_201341	Anti_CBASS
LEIF01000041.1_provirus_34876_64174	Anti_CRISPR
LEIF01000041.1_provirus_34876_64174	Anti_CRISPR
LEHU01000044.1_provirus_3_29352	Anti_CRISPR
LEHU01000044.1_provirus_3_29352	Anti_CRISPR
LEHU01000044.1_provirus_3_29352	Anti_CRISPR
LEHU01000044.1_provirus_3_29352	Anti_CRISPR
KK212660.1_provirus_67076_106329	Anti_CBASS
LZQI01000019.1_provirus_12794_48686	Anti_CRISPR
LZQI01000019.1_provirus_12794_48686	Anti_CRISPR
LZQI01000019.1_provirus_12794_48686	Anti_CRISPR
LZQI01000019.1_provirus_12794_48686	Anti_CRISPR
JAMZQP010000021.1_provirus_85790_118002	Anti_CRISPR
JAMZQP010000021.1_provirus_85790_118002	Anti_CRISPR
CABINC010000020.1_provirus_85912_117740	Anti_CRISPR
CABINC010000020.1_provirus_85912_117740	Anti_CRISPR
CP041774.1_provirus_3692387_3732002	Anti_CBASS
CAUKJU010000010.1_provirus_123181_163275	Anti_CBASS
LEGG01000043.1_provirus_3_29352	Anti_CRISPR
LEGG01000043.1_provirus_3_29352	Anti_CRISPR
LEGG01000043.1_provirus_3_29352	Anti_CRISPR
LEGG01000043.1_provirus_3_29352	Anti_CRISPR
CP138326.1_provirus_4414447_4453448	Anti_CBASS
DAFRNS010000014.1_provirus_33655_70603	Anti_CRISPR
DAFRNS010000014.1_provirus_33655_70603	Anti_CRISPR
CAUKMW010000009.1_provirus_65677_101802	Anti_CRISPR
CAUKMW010000009.1_provirus_65677_101802	Anti_CRISPR
CAUKMW010000009.1_provirus_65677_101802	Anti_CRISPR
CAUKMW010000009.1_provirus_65677_101802	Anti_CRISPR
CP096913.1_provirus_6856203_6897185	Anti_CBASS
DAFRIV010000024.1_provirus_33655_70603	Anti_CRISPR
DAFRIV010000024.1_provirus_33655_70603	Anti_CRISPR
CAULXQ010000010.1_provirus_99644_135769	Anti_CRISPR
CAULXQ010000010.1_provirus_99644_135769	Anti_CRISPR
LEIM01000039.1_provirus_3_29352	Anti_CRISPR
LEIM01000039.1_provirus_3_29352	Anti_CRISPR
LEIM01000039.1_provirus_3_29352	Anti_CRISPR
LEIM01000039.1_provirus_3_29352	Anti_CRISPR
JAJDPY010000003.1_provirus_191752_231662	Anti_CBASS
CAULIN010000011.1_provirus_65883_102008	Anti_CRISPR
CAULIN010000011.1_provirus_65883_102008	Anti_CRISPR
CAULIN010000011.1_provirus_65883_102008	Anti_CRISPR
CAULIN010000011.1_provirus_65883_102008	Anti_CRISPR
JAPCTY010000009.1_provirus_43000_83046	Anti_CBASS
JAVCYI010000001.1_provirus_109610_152154	Anti_CBASS
LEKD01000017.1_provirus_34876_64225	Anti_CRISPR
LEKD01000017.1_provirus_34876_64225	Anti_CRISPR
DAFPVK010000002.1_provirus_481210_521469	Anti_CBASS
JAHEQZ010000001.1_provirus_882907_918799	Anti_CRISPR
JAHEQZ010000001.1_provirus_882907_918799	Anti_CRISPR
CABISN010000012.1_provirus_94722_126487	Anti_CRISPR
CABISN010000012.1_provirus_94722_126487	Anti_CRISPR
CABITF010000002.1_provirus_210333_248759	Anti_CBASS
JAUYZE010000001.1_provirus_4211406_4250902	Anti_CBASS
CABISI010000013.1_provirus_94679_128146	Anti_CRISPR
CABISI010000013.1_provirus_94679_128146	Anti_CRISPR
DAFSJR010000009.1_provirus_121008_160878	Anti_CBASS
JAKKMP010000012.1_provirus_129345_170264	Anti_CBASS
CAULYS010000013.1_provirus_65882_102007	Anti_CRISPR
CAULYS010000013.1_provirus_65882_102007	Anti_CRISPR
CAULYS010000013.1_provirus_65882_102007	Anti_CRISPR
CAULYS010000013.1_provirus_65882_102007	Anti_CRISPR
LLTQ01000104.1_provirus_7762_43654	Anti_CRISPR
LLTQ01000104.1_provirus_7762_43654	Anti_CRISPR
LLTQ01000104.1_provirus_7762_43654	Anti_CRISPR
LLTQ01000104.1_provirus_7762_43654	Anti_CRISPR
CP084890.1_provirus_6056480_6086757	Anti_CBASS
CAULYI010000010.1_provirus_123181_163275	Anti_CBASS
DAJRWL010000002.1_provirus_401973_438921	Anti_CRISPR
DAJRWL010000002.1_provirus_401973_438921	Anti_CRISPR
CABIPS010000013.1_provirus_210362_245832	Anti_CBASS
CAULCM010000010.1_provirus_36378_76472	Anti_CBASS
CABIPO010000014.1_provirus_94573_127006	Anti_CRISPR
CABIPO010000014.1_provirus_94573_127006	Anti_CRISPR
DAJRVO010000003.1_provirus_102850_141276	Anti_CBASS
JALRNH010000016.1_provirus_3_30674	Anti_CBASS
CP078002.1_provirus_5588255_5629728	Anti_CBASS
FRNR01000024.1_provirus_164507_203683	Anti_CBASS
CABITC010000001.1_provirus_335219_373645	Anti_CBASS
JAOXLK010000028.1_provirus_17740_76749	Anti_CBASS
CABIOF010000001.1_provirus_215626_254052	Anti_CBASS
CAULUP010000035.1_provirus_264_37039	Anti_CRISPR
CAULUP010000035.1_provirus_264_37039	Anti_CRISPR
CP124657.1_provirus_3486525_3528109	Anti_CBASS
CP120881.1_provirus_1761406_1798724	Anti_CRISPR
CP120881.1_provirus_1761406_1798724	Anti_CRISPR
CP120881.1_provirus_1761406_1798724	Anti_CRISPR
CP120881.1_provirus_1761406_1798724	Anti_CRISPR
CAULHH010000037.1_provirus_263_37038	Anti_CRISPR
CAULHH010000037.1_provirus_263_37038	Anti_CRISPR
CANDNV010000001.1_provirus_3497810_3538918	Anti_CBASS
LEJN01000027.1_provirus_2_29300	Anti_CRISPR
LEJN01000027.1_provirus_2_29300	Anti_CRISPR
LEJN01000027.1_provirus_2_29300	Anti_CRISPR
LEJN01000027.1_provirus_2_29300	Anti_CRISPR
RAFC01000112.1_provirus_84712_124327	Anti_CBASS
STUX01000016.1_provirus_57666_99600	Anti_CBASS
CAUKKD010000011.1_provirus_65850_101975	Anti_CRISPR
CAUKKD010000011.1_provirus_65850_101975	Anti_CRISPR
CAUKKD010000011.1_provirus_65850_101975	Anti_CRISPR
CAUKKD010000011.1_provirus_65850_101975	Anti_CRISPR
DAIXNV010000001.1_provirus_3_29455	Anti_CRISPR
DAIXNV010000001.1_provirus_3_29455	Anti_CRISPR
DAIXNV010000001.1_provirus_3_29455	Anti_CRISPR
DAIXNV010000001.1_provirus_3_29455	Anti_CRISPR
JAHVNG010000005.1_provirus_57618_93903	Anti_CRISPR
JAHVNG010000005.1_provirus_57618_93903	Anti_CRISPR
DAFRCR010000016.1_provirus_91601_131956	Anti_CBASS
LDMW01000020.1_provirus_3_29352	Anti_CRISPR
LDMW01000020.1_provirus_3_29352	Anti_CRISPR
LDMW01000020.1_provirus_3_29352	Anti_CRISPR
LDMW01000020.1_provirus_3_29352	Anti_CRISPR
CABIND010000017.1_provirus_85861_117638	Anti_CRISPR
CABIND010000017.1_provirus_85861_117638	Anti_CRISPR
JASAHQ010000034.1_provirus_46033_80918	Anti_CBASS
CABION010000017.1_provirus_87816_119581	Anti_CRISPR
CABION010000017.1_provirus_87816_119581	Anti_CRISPR
LLRX01000024.1_provirus_188765_223646	Anti_CBASS
LDKP01000038.1_provirus_3_29352	Anti_CRISPR
LDKP01000038.1_provirus_3_29352	Anti_CRISPR
LDKP01000038.1_provirus_3_29352	Anti_CRISPR
LDKP01000038.1_provirus_3_29352	Anti_CRISPR
JABLSU010000001.1_provirus_246353_285889	Anti_CBASS
DAFQDL010000033.1_provirus_19510_57936	Anti_CBASS
CABIRP010000001.1_provirus_215636_254062	Anti_CBASS
SCXB01000008.1_provirus_52567_92868	Anti_CBASS
CABIPJ010000006.1_provirus_210362_242277	Anti_CBASS
JANZCI010000003.1_provirus_464144_502217	Anti_CBASS
FRSJ01000213.1_provirus_130649_166774	Anti_CRISPR
FRSJ01000213.1_provirus_130649_166774	Anti_CRISPR
LLQQ01000066.1_provirus_346440_396278	Anti_CRISPR
LLQQ01000066.1_provirus_346440_396278	Anti_CRISPR
LDLN01000086.1_provirus_3_29352	Anti_CRISPR
LDLN01000086.1_provirus_3_29352	Anti_CRISPR
LDLN01000086.1_provirus_3_29352	Anti_CRISPR
LDLN01000086.1_provirus_3_29352	Anti_CRISPR
JAJUSM010000014.1_provirus_112201_150355	Anti_CBASS
JABDUL010000014.1_provirus_81243_121061	Anti_CBASS
CAUNAE010000003.1_provirus_179823_219473	Anti_CBASS
DAFRMJ010000010.1_provirus_33655_70603	Anti_CRISPR
DAFRMJ010000010.1_provirus_33655_70603	Anti_CRISPR
JAPFIF010000065.1_provirus_178773_218232	Anti_CBASS
RWLK01000007.1_provirus_115690_154677	Anti_CBASS
JASAHM010000016.1_provirus_24183_63670	Anti_CBASS
DAFPPN010000016.1_provirus_43760_84478	Anti_CBASS
CP046061.1_provirus_5154150_5193430	Anti_CBASS
LDMB01000044.1_provirus_3_35374	Anti_CRISPR
LDMB01000044.1_provirus_3_35374	Anti_CRISPR
LDMB01000044.1_provirus_3_35374	Anti_CRISPR
LDMB01000044.1_provirus_3_35374	Anti_CRISPR
JALITW010000105.1_provirus_95_40752	Anti_CBASS
CP054789.1_provirus_2969941_3008450	Anti_CRISPR
CP054789.1_provirus_2969941_3008450	Anti_CRISPR
DAIHRI010000055.1_provirus_11969_43596	Anti_CRISPR
DAIHRI010000055.1_provirus_11969_43596	Anti_CRISPR
VCOU01000016.1_provirus_128680_165878	Anti_CBASS
LDMH01000019.1_provirus_3_29352	Anti_CRISPR
LDMH01000019.1_provirus_3_29352	Anti_CRISPR
LDMH01000019.1_provirus_3_29352	Anti_CRISPR
LDMH01000019.1_provirus_3_29352	Anti_CRISPR
CABIPH010000016.1_provirus_94722_126652	Anti_CRISPR
CABIPH010000016.1_provirus_94722_126652	Anti_CRISPR
CP128277.1_provirus_1332601_1380945	Anti_CBASS
CABIRD010000001.1_provirus_162868_201294	Anti_CBASS
CABIPK010000011.1_provirus_210362_242352	Anti_CBASS
CP123792.1_provirus_5933415_5972805	Anti_CBASS
JAPUXB010000031.1_provirus_16472_52597	Anti_CRISPR
JAPUXB010000031.1_provirus_16472_52597	Anti_CRISPR
CP120708.1_provirus_3543505_3581616	Anti_CBASS
DAIZPT010000001.1_provirus_211672_259449	Anti_CRISPR
DAIZPT010000001.1_provirus_211672_259449	Anti_CRISPR
CABILX010000019.1_provirus_85861_117638	Anti_CRISPR
CABILX010000019.1_provirus_85861_117638	Anti_CRISPR
KI914488.1_provirus_2_31246	Anti_CBASS
JADIVN010000012.1_provirus_33845_73839	Anti_CBASS
LLSZ01000087.1_provirus_342757_379760	Anti_CRISPR
LLSZ01000087.1_provirus_342757_379760	Anti_CRISPR
LLSZ01000087.1_provirus_342757_379760	Anti_CRISPR
LLSZ01000087.1_provirus_342757_379760	Anti_CRISPR
CABIPW010000011.1_provirus_210362_242289	Anti_CBASS
JAKFGL010000001.1_provirus_2333566_2373062	Anti_CBASS
DAFQPX010000001.1_provirus_61445_102176	Anti_CRISPR
DAFQPX010000001.1_provirus_61445_102176	Anti_CRISPR
DAFQQM010000001.1_provirus_61448_102179	Anti_CRISPR
DAFQQM010000001.1_provirus_61448_102179	Anti_CRISPR
LEHO01000022.1_provirus_36111_65409	Anti_CRISPR
LEHO01000022.1_provirus_36111_65409	Anti_CRISPR
CAULKE010000011.1_provirus_99644_135769	Anti_CRISPR
CAULKE010000011.1_provirus_99644_135769	Anti_CRISPR
KK212851.1_provirus_25856_58175	Anti_CRISPR
KK212851.1_provirus_25856_58175	Anti_CRISPR
DAIHGG010000024.1_provirus_62141_93768	Anti_CRISPR
DAIHGG010000024.1_provirus_62141_93768	Anti_CRISPR
CAUKYQ010000008.1_provirus_30095_69710	Anti_CBASS
LEIJ01000062.1_provirus_34876_64225	Anti_CRISPR
LEIJ01000062.1_provirus_34876_64225	Anti_CRISPR
LDLO01000032.1_provirus_34876_64225	Anti_CRISPR
LDLO01000032.1_provirus_34876_64225	Anti_CRISPR
DAIHGD010000062.1_provirus_7084_38711	Anti_CRISPR
DAIHGD010000062.1_provirus_7084_38711	Anti_CRISPR
JAHVNU010000003.1_provirus_63573_99465	Anti_CRISPR
JAHVNU010000003.1_provirus_63573_99465	Anti_CRISPR
CP124660.1_provirus_4514777_4555569	Anti_CBASS
DAFPHE010000001.1_provirus_73608_112034	Anti_CBASS
JADTCJ010000020.1_provirus_1_37352	Anti_CRISPR
JADTCJ010000020.1_provirus_1_37352	Anti_CRISPR
LEJC01000017.1_provirus_1_29353	Anti_CRISPR
LEJC01000017.1_provirus_1_29353	Anti_CRISPR
LEJC01000017.1_provirus_1_29353	Anti_CRISPR
LEJC01000017.1_provirus_1_29353	Anti_CRISPR
JANZGC010000010.1_provirus_65157_101282	Anti_CRISPR
JANZGC010000010.1_provirus_65157_101282	Anti_CRISPR
JANZGC010000010.1_provirus_65157_101282	Anti_CRISPR
JANZGC010000010.1_provirus_65157_101282	Anti_CRISPR
JALIYR010000144.1_provirus_88_36200	Anti_CRISPR
JALIYR010000144.1_provirus_88_36200	Anti_CRISPR
JALIYR010000144.1_provirus_88_36200	Anti_CRISPR
JALIYR010000144.1_provirus_88_36200	Anti_CRISPR
LEHV01000010.1_provirus_3_29352	Anti_CRISPR
LEHV01000010.1_provirus_3_29352	Anti_CRISPR
LEHV01000010.1_provirus_3_29352	Anti_CRISPR
LEHV01000010.1_provirus_3_29352	Anti_CRISPR
CP021775.1_provirus_6039953_6081296	Anti_CBASS
CP075821.1_provirus_937843_974903	Anti_CRISPR
CP075821.1_provirus_937843_974903	Anti_CRISPR
NFFC01000008.1_provirus_133743_172371	Anti_CBASS
JAWLOZ010000003.1_provirus_341392_381727	Anti_CBASS
CP081148.1_provirus_1338753_1387097	Anti_CBASS
RXDB01000003.1_provirus_192330_228269	Anti_CRISPR
NSOO01000014.1_provirus_81074_119967	Anti_CBASS
LLRJ01000020.1_provirus_2_38128	Anti_CRISPR
LLRJ01000020.1_provirus_2_38128	Anti_CRISPR
DAFRIF010000011.1_provirus_33655_70603	Anti_CRISPR
DAFRIF010000011.1_provirus_33655_70603	Anti_CRISPR
JALISJ010001121.1_provirus_421492_457589	Anti_CRISPR
JALISJ010001121.1_provirus_421492_457589	Anti_CRISPR
JALISJ010001121.1_provirus_421492_457589	Anti_RM
FRFW01000098.1_provirus_190716_230930	Anti_CBASS
CP124657.1_provirus_3631133_3670021	Anti_CBASS
LSAF01000040.1_provirus_131611_169430	Anti_CRISPR
LSAF01000040.1_provirus_131611_169430	Anti_CRISPR
FUEJ01000001.1_provirus_2_42131	Anti_CBASS
JTZL01000004.1_provirus_34117_69245	Anti_CBASS
LEEX01000036.1_provirus_35053_64402	Anti_CRISPR
LEEX01000036.1_provirus_35053_64402	Anti_CRISPR
LEJG01000027.1_provirus_3_29352	Anti_CRISPR
LEJG01000027.1_provirus_3_29352	Anti_CRISPR
LEJG01000027.1_provirus_3_29352	Anti_CRISPR
LEJG01000027.1_provirus_3_29352	Anti_CRISPR
RWOC01000004.1_provirus_304012_344359	Anti_CBASS
LDMX01000032.1_provirus_34990_64339	Anti_CRISPR
LDMX01000032.1_provirus_34990_64339	Anti_CRISPR
JASCBE010000002.1_provirus_53147_89038	Anti_CRISPR
JASCBE010000002.1_provirus_53147_89038	Anti_CRISPR
JASCBE010000002.1_provirus_53147_89038	Anti_CRISPR
JASCBE010000002.1_provirus_53147_89038	Anti_CRISPR
LEFR01000058.1_provirus_34876_64225	Anti_CRISPR
LEFR01000058.1_provirus_34876_64225	Anti_CRISPR
CABIOO010000021.1_provirus_85861_117638	Anti_CRISPR
CABIOO010000021.1_provirus_85861_117638	Anti_CRISPR
LEGN01000043.1_provirus_1_29058	Anti_CRISPR
LEGN01000043.1_provirus_1_29058	Anti_CRISPR
LEGN01000043.1_provirus_1_29058	Anti_CRISPR
LEGN01000043.1_provirus_1_29058	Anti_CRISPR
STRA01000017.1_provirus_31271_71187	Anti_CBASS
JTXC01000035.1_provirus_20758_54979	Anti_CBASS
CP081287.1_provirus_864109_904103	Anti_CBASS
LEHB01000006.1_provirus_1_29109	Anti_CRISPR
LEHB01000006.1_provirus_1_29109	Anti_CRISPR
LEHB01000006.1_provirus_1_29109	Anti_CRISPR
LEHB01000006.1_provirus_1_29109	Anti_CRISPR
DAFSHT010000011.1_provirus_9837_48238	Anti_CBASS
FRGP01000026.1_provirus_325498_365712	Anti_CBASS
JAHLTF010000018.1_provirus_71036_110651	Anti_CBASS
DAFSGR010000001.1_provirus_9829_48231	Anti_CBASS
JACYEZ010000058.1_provirus_2_32775	Anti_CBASS
LDKM01000020.1_provirus_19449_48798	Anti_CRISPR
LDKM01000020.1_provirus_19449_48798	Anti_CRISPR
MPBO01000004.1_provirus_1333660_1372616	Anti_CBASS
CP075748.1_provirus_1005536_1043938	Anti_CBASS
JASTYV010000018.1_provirus_91954_129651	Anti_CBASS
JANUWV010000012.1_provirus_10344_50595	Anti_CBASS
JANYPX010000004.1_provirus_341262_380628	Anti_CBASS
DAIZPW010000021.1_provirus_18336_58439	Anti_CBASS
QZYZ01000046.1_provirus_79190_116310	Anti_CBASS
QZYW01000030.1_provirus_3_37123	Anti_CBASS
LEJD01000033.1_provirus_34876_64225	Anti_CRISPR
LEJD01000033.1_provirus_34876_64225	Anti_CRISPR
FRSK01000138.1_provirus_65889_102014	Anti_CRISPR
FRSK01000138.1_provirus_65889_102014	Anti_CRISPR
JANZHN010000016.1_provirus_67490_104498	Anti_CRISPR
JANZHN010000016.1_provirus_67490_104498	Anti_CRISPR
JAKKZQ010000036.1_provirus_27828_59144	Anti_CBASS
MCLX01000005.1_provirus_139900_178163	Anti_CRISPR
MCLX01000005.1_provirus_139900_178163	Anti_CRISPR
MCLX01000005.1_provirus_139900_178163	Anti_CRISPR
MCLX01000005.1_provirus_139900_178163	Anti_CRISPR
CP054790.1_provirus_1794170_1831488	Anti_CRISPR
CP054790.1_provirus_1794170_1831488	Anti_CRISPR
CP054790.1_provirus_1794170_1831488	Anti_CRISPR
CP054790.1_provirus_1794170_1831488	Anti_CRISPR
JAKKZU010000036.1_provirus_29150_62557	Anti_CBASS
DAGYDG010000061.1_provirus_5172_39826	Anti_CBASS
DAFRIQ010000006.1_provirus_33655_70603	Anti_CRISPR
DAFRIQ010000006.1_provirus_33655_70603	Anti_CRISPR
LDKT01000046.1_provirus_3_29352	Anti_CRISPR
LDKT01000046.1_provirus_3_29352	Anti_CRISPR
LDKT01000046.1_provirus_3_29352	Anti_CRISPR
LDKT01000046.1_provirus_3_29352	Anti_CRISPR
JAFBZE010000003.1_provirus_403960_442647	Anti_CBASS
DAFQMY010000001.1_provirus_61439_102170	Anti_CRISPR
DAFQMY010000001.1_provirus_61439_102170	Anti_CRISPR
DAFRVE010000022.1_provirus_72713_101472	Anti_CRISPR
DAFRVE010000022.1_provirus_72713_101472	Anti_CRISPR
DAFRVE010000022.1_provirus_72713_101472	Anti_CRISPR
DAFRVE010000022.1_provirus_72713_101472	Anti_CRISPR
FRNU01000116.1_provirus_45481_84657	Anti_CBASS
FRNL01000110.1_provirus_40633_79809	Anti_CBASS
CABITE010000001.1_provirus_215796_254222	Anti_CBASS
QVBS02000014.1_provirus_11183_49533	Anti_CBASS
JTSE01000022.1_provirus_128584_169657	Anti_CBASS
CP054788.1_provirus_3575493_3615276	Anti_CBASS
CABIOB010000001.1_provirus_215618_254044	Anti_CBASS
FRVC01000036.1_provirus_325365_365579	Anti_CBASS
CP132113.1_provirus_5725976_5765004	Anti_CBASS
CAUNMG010000035.1_provirus_263_37038	Anti_CRISPR
CAUNMG010000035.1_provirus_263_37038	Anti_CRISPR
JADIPD010000001.1_provirus_350855_388012	Anti_CRISPR
JADIPD010000001.1_provirus_350855_388012	Anti_CRISPR
JADIPD010000001.1_provirus_350855_388012	Anti_CRISPR
JADIPD010000001.1_provirus_350855_388012	Anti_CRISPR
CABINA010000017.1_provirus_85861_117638	Anti_CRISPR
CABINA010000017.1_provirus_85861_117638	Anti_CRISPR
DAHPXP010000024.1_provirus_62142_94276	Anti_CRISPR
DAHPXP010000024.1_provirus_62142_94276	Anti_CRISPR
QZYX01000014.1_provirus_44598_81718	Anti_CBASS
JAFHLT010000027.1_provirus_16044_57254	Anti_CBASS
CAULNX010000034.1_provirus_264_37039	Anti_CRISPR
CAULNX010000034.1_provirus_264_37039	Anti_CRISPR
CP120859.1_provirus_2522540_2561906	Anti_CBASS
CABISS010000011.1_provirus_210362_245297	Anti_CBASS
DAIHJR010000020.1_provirus_62149_93776	Anti_CRISPR
DAIHJR010000020.1_provirus_62149_93776	Anti_CRISPR
JAOVZZ010000004.1_provirus_298193_334315	Anti_CRISPR
JAOVZZ010000004.1_provirus_298193_334315	Anti_CRISPR
JAEICR010000017.1_provirus_44801_83268	Anti_CRISPR
JAEICR010000017.1_provirus_44801_83268	Anti_CRISPR
JAEICR010000017.1_provirus_44801_83268	Anti_CRISPR
JAEICR010000017.1_provirus_44801_83268	Anti_CRISPR
JALIVA010000040.1_provirus_67037_104524	Anti_CBASS
JABLUK010000010.1_provirus_65157_101282	Anti_CRISPR
JABLUK010000010.1_provirus_65157_101282	Anti_CRISPR
JABLUK010000010.1_provirus_65157_101282	Anti_CRISPR
JABLUK010000010.1_provirus_65157_101282	Anti_CRISPR
CP137917.1_provirus_3119397_3157794	Anti_CBASS
LLOO01000012.1_provirus_99134_138387	Anti_CBASS
CARURM010000007.1_provirus_85820_125688	Anti_CBASS
LLPK01000059.1_provirus_2_37277	Anti_CRISPR
LLPK01000059.1_provirus_2_37277	Anti_CRISPR
LEIX01000023.1_provirus_34876_64225	Anti_CRISPR
LEIX01000023.1_provirus_34876_64225	Anti_CRISPR
LEJS01000059.1_provirus_3_29352	Anti_CRISPR
LEJS01000059.1_provirus_3_29352	Anti_CRISPR
LEJS01000059.1_provirus_3_29352	Anti_CRISPR
LEJS01000059.1_provirus_3_29352	Anti_CRISPR
SRKE01000017.1_provirus_117325_161518	Anti_CBASS
JADTLO010000002.1_provirus_263689_304738	Anti_CBASS
LEGT01000025.1_provirus_3_29352	Anti_CRISPR
LEGT01000025.1_provirus_3_29352	Anti_CRISPR
LEGT01000025.1_provirus_3_29352	Anti_CRISPR
LEGT01000025.1_provirus_3_29352	Anti_CRISPR
CP056090.1_provirus_1008523_1045471	Anti_CRISPR
CP056090.1_provirus_1008523_1045471	Anti_CRISPR
LDLR01000032.1_provirus_3_29352	Anti_CRISPR
LDLR01000032.1_provirus_3_29352	Anti_CRISPR
LDLR01000032.1_provirus_3_29352	Anti_CRISPR
LDLR01000032.1_provirus_3_29352	Anti_CRISPR
LDMP01000048.1_provirus_3_29352	Anti_CRISPR
LDMP01000048.1_provirus_3_29352	Anti_CRISPR
LDMP01000048.1_provirus_3_29352	Anti_CRISPR
LDMP01000048.1_provirus_3_29352	Anti_CRISPR
PQGF01000013.1_provirus_84654_125306	Anti_CBASS
JAMSLC010000002.1_provirus_362203_400984	Anti_CBASS
CAUNNU010000036.1_provirus_264_37039	Anti_CRISPR
CAUNNU010000036.1_provirus_264_37039	Anti_CRISPR
DAFOZV010000043.1_provirus_599_37607	Anti_CRISPR
DAFOZV010000043.1_provirus_599_37607	Anti_CRISPR
CABIRQ010000002.1_provirus_210362_248788	Anti_CBASS
JAIPUJ010000018.1_provirus_44674_81622	Anti_CRISPR
JAIPUJ010000018.1_provirus_44674_81622	Anti_CRISPR
JAIPUJ010000018.1_provirus_44674_81622	Anti_CRISPR
JAIPUJ010000018.1_provirus_44674_81622	Anti_CRISPR
JADTDU010000006.1_provirus_137055_173631	Anti_CRISPR
JADTDU010000006.1_provirus_137055_173631	Anti_CRISPR
JADTDU010000006.1_provirus_137055_173631	Anti_CRISPR
JADTDU010000006.1_provirus_137055_173631	Anti_CRISPR
JADIVC010000011.1_provirus_176615_216609	Anti_CBASS
LEGX01000018.1_provirus_3_29352	Anti_CRISPR
LEGX01000018.1_provirus_3_29352	Anti_CRISPR
LEGX01000018.1_provirus_3_29352	Anti_CRISPR
LEGX01000018.1_provirus_3_29352	Anti_CRISPR
NSWU01000002.1_provirus_117475_157090	Anti_CBASS
CAUKIX010000011.1_provirus_65883_102008	Anti_CRISPR
CAUKIX010000011.1_provirus_65883_102008	Anti_CRISPR
CAUKIX010000011.1_provirus_65883_102008	Anti_CRISPR
CAUKIX010000011.1_provirus_65883_102008	Anti_CRISPR
LEII01000034.1_provirus_3_29352	Anti_CRISPR
LEII01000034.1_provirus_3_29352	Anti_CRISPR
LEII01000034.1_provirus_3_29352	Anti_CRISPR
LEII01000034.1_provirus_3_29352	Anti_CRISPR
DAFQPU010000001.1_provirus_61432_102163	Anti_CRISPR
DAFQPU010000001.1_provirus_61432_102163	Anti_CRISPR
CP128190.1_provirus_1332060_1380416	Anti_CBASS
JTZK01000004.1_provirus_298707_337966	Anti_CRISPR
JTZK01000004.1_provirus_298707_337966	Anti_CRISPR
JTZK01000004.1_provirus_298707_337966	Anti_CRISPR
JTZK01000004.1_provirus_298707_337966	Anti_CRISPR
LEIO01000030.1_provirus_3_29352	Anti_CRISPR
LEIO01000030.1_provirus_3_29352	Anti_CRISPR
LEIO01000030.1_provirus_3_29352	Anti_CRISPR
LEIO01000030.1_provirus_3_29352	Anti_CRISPR
CABINZ010000023.1_provirus_62209_93986	Anti_CRISPR
CABINZ010000023.1_provirus_62209_93986	Anti_CRISPR
CAULBV010000009.1_provirus_123181_163275	Anti_CBASS
CP054845.1_provirus_545249_583807	Anti_CBASS
CAULPG010000011.1_provirus_99644_135769	Anti_CRISPR
CAULPG010000011.1_provirus_99644_135769	Anti_CRISPR
JASCHW010000003.1_provirus_81182_119998	Anti_CBASS
LLVN01000105.1_provirus_42435_78327	Anti_CRISPR
LLVN01000105.1_provirus_42435_78327	Anti_CRISPR
LSAC01000007.1_provirus_84930_121877	Anti_CRISPR
LSAC01000007.1_provirus_84930_121877	Anti_CRISPR
FRGU01000006.1_provirus_93868_134082	Anti_CBASS
JAKKZV010000033.1_provirus_33866_67462	Anti_CBASS
LEIQ01000031.1_provirus_34876_64225	Anti_CRISPR
LEIQ01000031.1_provirus_34876_64225	Anti_CRISPR
LDLB01000011.1_provirus_3_29352	Anti_CRISPR
LDLB01000011.1_provirus_3_29352	Anti_CRISPR
LDLB01000011.1_provirus_3_29352	Anti_CRISPR
LDLB01000011.1_provirus_3_29352	Anti_CRISPR
LEHK01000054.1_provirus_3_29352	Anti_CRISPR
LEHK01000054.1_provirus_3_29352	Anti_CRISPR
LEHK01000054.1_provirus_3_29352	Anti_CRISPR
LEHK01000054.1_provirus_3_29352	Anti_CRISPR
LEHS01000034.1_provirus_14912_44261	Anti_CRISPR
LEHS01000034.1_provirus_14912_44261	Anti_CRISPR
LDLJ01000030.1_provirus_3_29352	Anti_CRISPR
LDLJ01000030.1_provirus_3_29352	Anti_CRISPR
LDLJ01000030.1_provirus_3_29352	Anti_CRISPR
LDLJ01000030.1_provirus_3_29352	Anti_CRISPR
LEJZ01000018.1_provirus_34876_64225	Anti_CRISPR
LEJZ01000018.1_provirus_34876_64225	Anti_CRISPR
JAXCOT010000001.1_provirus_124143_163274	Anti_CBASS
CABIRY010000006.1_provirus_227307_265146	Anti_CBASS
JAPZKC010000008.1_provirus_9778_48180	Anti_CBASS
CABIQY010000011.1_provirus_210362_242277	Anti_CBASS
LSAA01000015.1_provirus_8535_45482	Anti_CRISPR
LSAA01000015.1_provirus_8535_45482	Anti_CRISPR
JAHTEG010000023.1_provirus_38415_74540	Anti_CRISPR
JAHTEG010000023.1_provirus_38415_74540	Anti_CRISPR
CP032761.1_provirus_5815806_5856670	Anti_CBASS
CAUNGK010000011.1_provirus_123181_163275	Anti_CBASS
CP125363.1_provirus_4421566_4461061	Anti_CBASS
LEIA01000045.1_provirus_34630_64411	Anti_CRISPR
LEIA01000045.1_provirus_34630_64411	Anti_CRISPR
CAUKNP010000009.1_provirus_123071_163165	Anti_CBASS
JTYL01000014.1_provirus_387006_425899	Anti_CBASS
DAFROD010000011.1_provirus_33655_70603	Anti_CRISPR
DAFROD010000011.1_provirus_33655_70603	Anti_CRISPR
LEFX01000023.1_provirus_34876_64225	Anti_CRISPR
LEFX01000023.1_provirus_34876_64225	Anti_CRISPR
JAHVZT010000002.1_provirus_616716_653724	Anti_CRISPR
JAHVZT010000002.1_provirus_616716_653724	Anti_CRISPR
JAHVZT010000002.1_provirus_616716_653724	Anti_CRISPR
JAHVZT010000002.1_provirus_616716_653724	Anti_CRISPR
CABINP010000020.1_provirus_85861_117638	Anti_CRISPR
CABINP010000020.1_provirus_85861_117638	Anti_CRISPR
JADIVG010000011.1_provirus_33845_73839	Anti_CBASS
JANZIV010000007.1_provirus_123793_162816	Anti_CRISPR
JANZIV010000007.1_provirus_123793_162816	Anti_CRISPR
JANZIV010000007.1_provirus_123793_162816	Anti_CRISPR
JANZIV010000007.1_provirus_123793_162816	Anti_CRISPR
JTVS01000001.1_provirus_73396_112203	Anti_CBASS
DAFQSJ010000003.1_provirus_51304_90964	Anti_CBASS
JADIVK010000011.1_provirus_176615_216609	Anti_CBASS
DAFRII010000004.1_provirus_33655_70603	Anti_CRISPR
DAFRII010000004.1_provirus_33655_70603	Anti_CRISPR
MVBS01000027.1_provirus_2_37581	Anti_CBASS
CP046404.1_provirus_6195854_6234982	Anti_CBASS
JADSQX010000055.1_provirus_3880_35036	Anti_CBASS
CAULZW010000006.1_provirus_118049_157664	Anti_CBASS
NSTN01000024.1_provirus_20453_60039	Anti_CBASS
CAUMCI010000008.1_provirus_1_33595	Anti_CBASS
LLLY01000068.1_provirus_2_31493	Anti_CBASS
DAFRNU010000024.1_provirus_25307_65224	Anti_CRISPR
DAFRNU010000024.1_provirus_25307_65224	Anti_CRISPR
CAUNBC010000005.1_provirus_117018_156633	Anti_CBASS
LDMD01000033.1_provirus_3_29352	Anti_CRISPR
LDMD01000033.1_provirus_3_29352	Anti_CRISPR
LDMD01000033.1_provirus_3_29352	Anti_CRISPR
LDMD01000033.1_provirus_3_29352	Anti_CRISPR
CP077994.1_provirus_5791617_5833090	Anti_CBASS
LEHL01000036.1_provirus_3_29352	Anti_CRISPR
LEHL01000036.1_provirus_3_29352	Anti_CRISPR
LEHL01000036.1_provirus_3_29352	Anti_CRISPR
LEHL01000036.1_provirus_3_29352	Anti_CRISPR
CAUOAM010000010.1_provirus_123181_163275	Anti_CBASS
CAUNXL010000037.1_provirus_19818_56593	Anti_CRISPR
CAUNXL010000037.1_provirus_19818_56593	Anti_CRISPR
CAUNXL010000037.1_provirus_19818_56593	Anti_CRISPR
CAUNXL010000037.1_provirus_19818_56593	Anti_CRISPR
CABIRI010000002.1_provirus_210362_248788	Anti_CBASS
JANZEK010000009.1_provirus_101106_141092	Anti_CBASS
JASGBM010000018.1_provirus_3_30674	Anti_CBASS
JAEIDX010000018.1_provirus_46451_84918	Anti_CRISPR
JAEIDX010000018.1_provirus_46451_84918	Anti_CRISPR
CARSKX010000009.1_provirus_145961_185829	Anti_CBASS
JANZGT010000004.1_provirus_341262_380628	Anti_CBASS
JTWX01000027.1_provirus_20633_51675	Anti_CBASS
LEEU01000034.1_provirus_3_29352	Anti_CRISPR
LEEU01000034.1_provirus_3_29352	Anti_CRISPR
LEEU01000034.1_provirus_3_29352	Anti_CRISPR
LEEU01000034.1_provirus_3_29352	Anti_CRISPR
JANYXA010000011.1_provirus_65157_101282	Anti_CRISPR
JANYXA010000011.1_provirus_65157_101282	Anti_CRISPR
JANYXA010000011.1_provirus_65157_101282	Anti_CRISPR
JANYXA010000011.1_provirus_65157_101282	Anti_CRISPR
JANYPH010000022.1_provirus_2_30178	Anti_CRISPR
JANYPH010000022.1_provirus_2_30178	Anti_CRISPR
JRGP01000016.1_provirus_22043_61581	Anti_CBASS
LEGI01000064.1_provirus_3_29352	Anti_CRISPR
LEGI01000064.1_provirus_3_29352	Anti_CRISPR
LEGI01000064.1_provirus_3_29352	Anti_CRISPR
LEGI01000064.1_provirus_3_29352	Anti_CRISPR
CAUNDO010000035.1_provirus_264_37039	Anti_CRISPR
CAUNDO010000035.1_provirus_264_37039	Anti_CRISPR
JANUWY010000095.1_provirus_45808_85468	Anti_CBASS
JAJPMS010000023.1_provirus_29679_67991	Anti_CBASS
DAFRVP010000010.1_provirus_193926_222685	Anti_CRISPR
DAFRVP010000010.1_provirus_193926_222685	Anti_CRISPR
DAFRVP010000010.1_provirus_193926_222685	Anti_CRISPR
DAFRVP010000010.1_provirus_193926_222685	Anti_CRISPR
LDKL01000057.1_provirus_3_29352	Anti_CRISPR
LDKL01000057.1_provirus_3_29352	Anti_CRISPR
LDKL01000057.1_provirus_3_29352	Anti_CRISPR
LDKL01000057.1_provirus_3_29352	Anti_CRISPR
DAHPTH010000020.1_provirus_61196_98512	Anti_CRISPR
DAHPTH010000020.1_provirus_61196_98512	Anti_CRISPR
DAHPTH010000020.1_provirus_61196_98512	Anti_CRISPR
DAHPTH010000020.1_provirus_61196_98512	Anti_CRISPR
CP075771.1_provirus_1034339_1073803	Anti_CBASS
CP096937.1_provirus_865430_905424	Anti_CBASS
CP096934.1_provirus_864117_904111	Anti_CBASS
LDML01000040.1_provirus_34875_64224	Anti_CRISPR
LDML01000040.1_provirus_34875_64224	Anti_CRISPR
DAFPUX010000007.1_provirus_139682_179509	Anti_CBASS
LEHR01000056.1_provirus_34876_64225	Anti_CRISPR
LEHR01000056.1_provirus_34876_64225	Anti_CRISPR
JAHWAE010000009.1_provirus_116511_155132	Anti_CBASS
CABINV010000001.1_provirus_210362_248788	Anti_CBASS
STOG01000028.1_provirus_25_30984	Anti_CRISPR
STOG01000028.1_provirus_25_30984	Anti_CRISPR
CABIOD010000020.1_provirus_85861_117638	Anti_CRISPR
CABIOD010000020.1_provirus_85861_117638	Anti_CRISPR
RWLR01000011.1_provirus_2_33944	Anti_CRISPR
RWLR01000011.1_provirus_2_33944	Anti_CRISPR
RWLR01000011.1_provirus_2_33944	Anti_CRISPR
RWLR01000011.1_provirus_2_33944	Anti_CRISPR
JAKKMI010000042.1_provirus_17297_54965	Anti_CBASS
CAUKIG010000013.1_provirus_56150_95800	Anti_CBASS
JTXF01000024.1_provirus_104438_150598	Anti_CBASS
LEFS01000061.1_provirus_3_29352	Anti_CRISPR
LEFS01000061.1_provirus_3_29352	Anti_CRISPR
LEFS01000061.1_provirus_3_29352	Anti_CRISPR
LEFS01000061.1_provirus_3_29352	Anti_CRISPR
CABISC010000007.1_provirus_227329_266176	Anti_CBASS
DAFRNM010000012.1_provirus_33655_70603	Anti_CRISPR
DAFRNM010000012.1_provirus_33655_70603	Anti_CRISPR
MCMG01000007.1_provirus_362320_401838	Anti_CBASS
CP092032.1_provirus_1032082_1069029	Anti_CRISPR
CP092032.1_provirus_1032082_1069029	Anti_CRISPR
CP092032.1_provirus_1032082_1069029	Anti_CRISPR
CP092032.1_provirus_1032082_1069029	Anti_CRISPR
JAHERO010000003.1_provirus_401631_440869	Anti_CBASS
CP128279.1_provirus_5336574_5375305	Anti_CBASS
LDLP01000058.1_provirus_34876_64225	Anti_CRISPR
LDLP01000058.1_provirus_34876_64225	Anti_CRISPR
LEJI01000003.1_provirus_34876_64225	Anti_CRISPR
LEJI01000003.1_provirus_34876_64225	Anti_CRISPR
CABISA010000015.1_provirus_94573_126503	Anti_CRISPR
CABISA010000015.1_provirus_94573_126503	Anti_CRISPR
JAPFIE010000084.1_provirus_178694_218152	Anti_CBASS
LDMU01000050.1_provirus_34876_64225	Anti_CRISPR
LDMU01000050.1_provirus_34876_64225	Anti_CRISPR
CP065417.1_provirus_4297506_4337001	Anti_CBASS
CABITJ010000002.1_provirus_215898_254324	Anti_CBASS
CAUKOD010000035.1_provirus_264_37039	Anti_CRISPR
CAUKOD010000035.1_provirus_264_37039	Anti_CRISPR
JTWE01000023.1_provirus_46821_75954	Anti_CRISPR
JTWE01000023.1_provirus_46821_75954	Anti_CRISPR
NFGU01000003.1_provirus_55049_94253	Anti_CBASS
CAUKNW010000005.1_provirus_84284_123934	Anti_CBASS
CAUMJL010000011.1_provirus_99644_135769	Anti_CRISPR
CAUMJL010000011.1_provirus_99644_135769	Anti_CRISPR
CP109919.1_provirus_1113736_1153213	Anti_CRISPR
CP109919.1_provirus_1113736_1153213	Anti_CRISPR
CP109919.1_provirus_1113736_1153213	Anti_CRISPR
CP109919.1_provirus_1113736_1153213	Anti_CRISPR
CABITH010000002.1_provirus_335219_373645	Anti_CBASS
RWLB01000009.1_provirus_77420_117410	Anti_CBASS
LRYQ01000029.1_provirus_453680_489804	Anti_CRISPR
LRYQ01000029.1_provirus_453680_489804	Anti_CRISPR
LRYQ01000029.1_provirus_453680_489804	Anti_CRISPR
LRYQ01000029.1_provirus_453680_489804	Anti_CRISPR
JALIXC010000043.1_provirus_56458_96685	Anti_CBASS
JADUAR010000005.1_provirus_196474_234236	Anti_CRISPR
JADUAR010000005.1_provirus_196474_234236	Anti_CRISPR
JADUAR010000005.1_provirus_196474_234236	Anti_CRISPR
JADUAR010000005.1_provirus_196474_234236	Anti_CRISPR
CP053706.1_provirus_6725901_6765535	Anti_CBASS
JANUXD010000098.1_provirus_45805_86080	Anti_CBASS
JADSRK010000021.1_provirus_70884_106633	Anti_CRISPR
JADSRK010000021.1_provirus_70884_106633	Anti_CRISPR
VLTY01000004.1_provirus_68239_108336	Anti_CBASS
LEIZ01000002.1_provirus_34876_64225	Anti_CRISPR
LEIZ01000002.1_provirus_34876_64225	Anti_CRISPR
DAFSHR010000011.1_provirus_9835_48236	Anti_CBASS
CAUKHV010000007.1_provirus_118049_157664	Anti_CBASS
LEJP01000046.1_provirus_3_29352	Anti_CRISPR
LEJP01000046.1_provirus_3_29352	Anti_CRISPR
LEJP01000046.1_provirus_3_29352	Anti_CRISPR
LEJP01000046.1_provirus_3_29352	Anti_CRISPR
CP093024.1_provirus_3665232_3705066	Anti_CBASS
AP014622.1_provirus_2586962_2625731	Anti_CBASS
CAUNAW010000005.1_provirus_79189_118839	Anti_CBASS
CATOVW010000012.1_provirus_165_39346	Anti_CRISPR
CATOVW010000012.1_provirus_165_39346	Anti_CRISPR
CATOVW010000012.1_provirus_165_39346	Anti_CRISPR
CATOVW010000012.1_provirus_165_39346	Anti_CRISPR
CABINQ010000019.1_provirus_85861_117638	Anti_CRISPR
CABINQ010000019.1_provirus_85861_117638	Anti_CRISPR
CAUKEM010000010.1_provirus_65080_101205	Anti_CRISPR
CAUKEM010000010.1_provirus_65080_101205	Anti_CRISPR
CAUKEM010000010.1_provirus_65080_101205	Anti_CRISPR
CAUKEM010000010.1_provirus_65080_101205	Anti_CRISPR
ABEUUJ010000005.1_provirus_520810_560275	Anti_CBASS
JAJPLP010000016.1_provirus_40095_78952	Anti_CBASS
CAUMCC010000011.1_provirus_65883_102008	Anti_CRISPR
CAUMCC010000011.1_provirus_65883_102008	Anti_CRISPR
CAUMCC010000011.1_provirus_65883_102008	Anti_CRISPR
CAUMCC010000011.1_provirus_65883_102008	Anti_CRISPR
NIZN01000001.1_provirus_102717_141143	Anti_CBASS
JAKKZR010000034.1_provirus_29150_62746	Anti_CBASS
CAULSU010000035.1_provirus_19818_56593	Anti_CRISPR
CAULSU010000035.1_provirus_19818_56593	Anti_CRISPR
CAULSU010000035.1_provirus_19818_56593	Anti_CRISPR
CAULSU010000035.1_provirus_19818_56593	Anti_CRISPR
MWXZ01000007.1_provirus_302401_337403	Anti_CBASS
JAMSLP010000021.1_provirus_85790_118002	Anti_CRISPR
JAMSLP010000021.1_provirus_85790_118002	Anti_CRISPR
LLON01000024.1_provirus_99134_138387	Anti_CBASS
CARUSD010000021.1_provirus_41304_78688	Anti_CRISPR
CARUSD010000021.1_provirus_41304_78688	Anti_CRISPR
DAFQOX010000002.1_provirus_61366_102097	Anti_CRISPR
DAFQOX010000002.1_provirus_61366_102097	Anti_CRISPR
ABEVIW010000010.1_provirus_116709_152402	Anti_CRISPR
ABEVIW010000010.1_provirus_116709_152402	Anti_CRISPR
JAMOGZ010000009.1_provirus_33845_73839	Anti_CBASS
CAUKIZ010000036.1_provirus_19818_56593	Anti_CRISPR
CAUKIZ010000036.1_provirus_19818_56593	Anti_CRISPR
CAUKIZ010000036.1_provirus_19818_56593	Anti_CRISPR
CAUKIZ010000036.1_provirus_19818_56593	Anti_CRISPR
MVBV01000037.1_provirus_6401_43980	Anti_CBASS
CAUNMZ010000011.1_provirus_99644_135769	Anti_CRISPR
CAUNMZ010000011.1_provirus_99644_135769	Anti_CRISPR
JAIPSN010000001.1_provirus_355039_394439	Anti_CBASS
CABIQA010000040.1_provirus_12446_50872	Anti_CBASS
SDVT01000031.1_provirus_7181_44189	Anti_CRISPR
SDVT01000031.1_provirus_7181_44189	Anti_CRISPR
SDVT01000031.1_provirus_7181_44189	Anti_CRISPR
SDVT01000031.1_provirus_7181_44189	Anti_CRISPR
CABIPZ010000014.1_provirus_12454_50880	Anti_CBASS
JASCHV010000017.1_provirus_3_37503	Anti_CBASS
CP020603.1_provirus_1332828_1381171	Anti_CBASS
QZZA01000090.1_provirus_33031_72671	Anti_CBASS
CABITO010000003.1_provirus_215838_254264	Anti_CBASS
CABIQW010000002.1_provirus_210362_248788	Anti_CBASS
CP117527.1_provirus_4503290_4542903	Anti_CBASS
JAWIWK010000013.1_provirus_183733_215325	Anti_CBASS
LFMV01000010.1_provirus_271166_310425	Anti_CRISPR
LFMV01000010.1_provirus_271166_310425	Anti_CRISPR
CP120705.1_provirus_5533223_5569642	Anti_CRISPR
CP120705.1_provirus_5533223_5569642	Anti_CRISPR
CP120705.1_provirus_5533223_5569642	Anti_CRISPR
CP120705.1_provirus_5533223_5569642	Anti_CRISPR
DARMHC010000010.1_provirus_30849_70048	Anti_CBASS
JACWGP010000001.1_provirus_337299_375725	Anti_CBASS
CABINN010000018.1_provirus_85861_117539	Anti_CRISPR
CABINN010000018.1_provirus_85861_117539	Anti_CRISPR
JADTHV010000012.1_provirus_1_37352	Anti_CRISPR
JADTHV010000012.1_provirus_1_37352	Anti_CRISPR
CABIKR010000023.1_provirus_62219_96134	Anti_CRISPR
CABIKR010000023.1_provirus_62219_96134	Anti_CRISPR
CAUNMF010000007.1_provirus_117018_156633	Anti_CBASS
CABIOA010000022.1_provirus_85912_117734	Anti_CRISPR
CABIOA010000022.1_provirus_85912_117734	Anti_CRISPR
CP046402.2_provirus_249043_289021	Anti_CBASS
LDKH01000045.1_provirus_34876_64225	Anti_CRISPR
LDKH01000045.1_provirus_34876_64225	Anti_CRISPR
CP096932.1_provirus_865721_905715	Anti_CBASS
CAULHB010000011.1_provirus_65850_101975	Anti_CRISPR
CAULHB010000011.1_provirus_65850_101975	Anti_CRISPR
CAULHB010000011.1_provirus_65850_101975	Anti_CRISPR
CAULHB010000011.1_provirus_65850_101975	Anti_CRISPR
JALIXE010000071.1_provirus_56459_96686	Anti_CBASS
CP137500.1_provirus_244444_282846	Anti_CBASS
PPDQ01000017.1_provirus_88421_125673	Anti_CRISPR
PPDQ01000017.1_provirus_88421_125673	Anti_CRISPR
JAKLAA010000150.1_provirus_29150_62746	Anti_CBASS
CABISD010000007.1_provirus_231220_272660	Anti_CBASS
CABISD010000007.1_provirus_231220_272660	Anti_RM
JANYPS010000011.1_provirus_65061_101186	Anti_CRISPR
JANYPS010000011.1_provirus_65061_101186	Anti_CRISPR
JANYPS010000011.1_provirus_65061_101186	Anti_CRISPR
JANYPS010000011.1_provirus_65061_101186	Anti_CRISPR
DAKKZX010000002.1_provirus_73609_112035	Anti_CBASS
CP137507.1_provirus_5727677_5768801	Anti_CBASS
JAHERI010000001.1_provirus_1254138_1293602	Anti_CBASS
LFDI01000072.1_provirus_3_29352	Anti_CRISPR
LFDI01000072.1_provirus_3_29352	Anti_CRISPR
LFDI01000072.1_provirus_3_29352	Anti_CRISPR
LFDI01000072.1_provirus_3_29352	Anti_CRISPR
CABIRO010000002.1_provirus_210362_248788	Anti_CBASS
DAIHCI010000015.1_provirus_35565_72297	Anti_CRISPR
DAIHCI010000015.1_provirus_35565_72297	Anti_CRISPR
DAIHCI010000015.1_provirus_35565_72297	Anti_CRISPR
DAIHCI010000015.1_provirus_35565_72297	Anti_CRISPR
JASCHU010000020.1_provirus_3_37503	Anti_CBASS
JAKKLU010000021.1_provirus_3_31140	Anti_CRISPR
JAKKLU010000021.1_provirus_3_31140	Anti_CRISPR
JAKKLU010000021.1_provirus_3_31140	Anti_CRISPR
JAKKLU010000021.1_provirus_3_31140	Anti_CRISPR
DAFSHF010000005.1_provirus_213458_253462	Anti_CBASS
VCOT01000018.1_provirus_128305_165503	Anti_CBASS
JAHYBD010000007.1_provirus_66010_102135	Anti_CRISPR
JAHYBD010000007.1_provirus_66010_102135	Anti_CRISPR
JAHYBD010000007.1_provirus_66010_102135	Anti_CRISPR
JAHYBD010000007.1_provirus_66010_102135	Anti_CRISPR
CP137914.1_provirus_1058981_1098735	Anti_CBASS
LDLM01000043.1_provirus_3_29352	Anti_CRISPR
LDLM01000043.1_provirus_3_29352	Anti_CRISPR
LDLM01000043.1_provirus_3_29352	Anti_CRISPR
LDLM01000043.1_provirus_3_29352	Anti_CRISPR
LEIL01000031.1_provirus_34990_64339	Anti_CRISPR
LEIL01000031.1_provirus_34990_64339	Anti_CRISPR
JADHHY010000020.1_provirus_83672_114556	Anti_CBASS
JAMSLH010000021.1_provirus_85790_118002	Anti_CRISPR
JAMSLH010000021.1_provirus_85790_118002	Anti_CRISPR
STMG01000019.1_provirus_20864_56989	Anti_CRISPR
STMG01000019.1_provirus_20864_56989	Anti_CRISPR
STMG01000019.1_provirus_20864_56989	Anti_CRISPR
STMG01000019.1_provirus_20864_56989	Anti_CRISPR
JASCHX010000012.1_provirus_3_37141	Anti_CBASS
ABFUBX010000010.1_provirus_178538_212436	Anti_CRISPR
ABFUBX010000010.1_provirus_178538_212436	Anti_CRISPR
RXDB01000003.1_provirus_302743_342358	Anti_CBASS
JAFBLL010000002.1_provirus_461836_498568	Anti_CRISPR
JAFBLL010000002.1_provirus_461836_498568	Anti_CRISPR
JAFBLL010000002.1_provirus_461836_498568	Anti_CRISPR
JAFBLL010000002.1_provirus_461836_498568	Anti_CRISPR
DAFSGK010000010.1_provirus_9803_48205	Anti_CBASS
CUYF01000027.1_provirus_810827_850142	Anti_CRISPR
CUYF01000027.1_provirus_810827_850142	Anti_CRISPR
LEFT01000077.1_provirus_34876_64225	Anti_CRISPR
LEFT01000077.1_provirus_34876_64225	Anti_CRISPR
DAFQPZ010000002.1_provirus_61446_102177	Anti_CRISPR
DAFQPZ010000002.1_provirus_61446_102177	Anti_CRISPR
CABIOG010000018.1_provirus_85861_117638	Anti_CRISPR
CABIOG010000018.1_provirus_85861_117638	Anti_CRISPR
JAKKLJ010000014.1_provirus_14262_55181	Anti_CBASS
CAULFW010000035.1_provirus_264_37039	Anti_CRISPR
CAULFW010000035.1_provirus_264_37039	Anti_CRISPR
LLUN01000012.1_provirus_50011_107193	Anti_CBASS
CP054788.1_provirus_3055539_3096500	Anti_CBASS
CP046406.2_provirus_1046014_1084416	Anti_CBASS
DAIHRQ010000056.1_provirus_12060_43687	Anti_CRISPR
DAIHRQ010000056.1_provirus_12060_43687	Anti_CRISPR
LDMQ01000072.1_provirus_3_29352	Anti_CRISPR
LDMQ01000072.1_provirus_3_29352	Anti_CRISPR
LDMQ01000072.1_provirus_3_29352	Anti_CRISPR
LDMQ01000072.1_provirus_3_29352	Anti_CRISPR
CAUNEE010000008.1_provirus_171380_204974	Anti_CBASS
JANZCG010000011.1_provirus_138299_176372	Anti_CBASS
FRGO01000003.1_provirus_15057_57222	Anti_CBASS
LEGV01000011.1_provirus_3_29352	Anti_CRISPR
LEGV01000011.1_provirus_3_29352	Anti_CRISPR
LEGV01000011.1_provirus_3_29352	Anti_CRISPR
LEGV01000011.1_provirus_3_29352	Anti_CRISPR
CP133737.1_provirus_1334904_1383248	Anti_CBASS
CANDNV010000001.1_provirus_2530908_2570800	Anti_CBASS
VOIN01000016.1_provirus_92424_131542	Anti_CBASS
CABISH010000006.1_provirus_227306_268761	Anti_CBASS
CABISH010000006.1_provirus_227306_268761	Anti_RM
CABINY010000019.1_provirus_85861_117791	Anti_CRISPR
CABINY010000019.1_provirus_85861_117791	Anti_CRISPR
DAFQQC010000037.1_provirus_3_40998	Anti_CBASS
SDVS01000029.1_provirus_7140_44148	Anti_CRISPR
SDVS01000029.1_provirus_7140_44148	Anti_CRISPR
SDVS01000029.1_provirus_7140_44148	Anti_CRISPR
SDVS01000029.1_provirus_7140_44148	Anti_CRISPR
LEJR01000015.1_provirus_34675_64024	Anti_CRISPR
LEJR01000015.1_provirus_34675_64024	Anti_CRISPR
JAMKXQ010000017.1_provirus_84577_125424	Anti_CBASS
CP096958.1_provirus_864093_904087	Anti_CBASS
JAIGZI010000074.1_provirus_38126_80669	Anti_CBASS
CP080011.1_provirus_6078207_6117702	Anti_CBASS
CABIQB010000002.1_provirus_162867_201293	Anti_CBASS
JTZA01000052.1_provirus_10472_49827	Anti_CBASS
CAUNIY010000005.1_provirus_79189_118839	Anti_CBASS
JANYWZ010000011.1_provirus_65157_101282	Anti_CRISPR
JANYWZ010000011.1_provirus_65157_101282	Anti_CRISPR
JANYWZ010000011.1_provirus_65157_101282	Anti_CRISPR
JANYWZ010000011.1_provirus_65157_101282	Anti_CRISPR
JAHTCE010000016.1_provirus_49041_88003	Anti_CBASS
JANYZZ010000001.1_provirus_686711_722836	Anti_CRISPR
JANYZZ010000001.1_provirus_686711_722836	Anti_CRISPR
JAOVEA010000017.1_provirus_113935_155776	Anti_CBASS
JAPCUA010000011.1_provirus_21347_60600	Anti_CBASS
JABDUZ010000001.1_provirus_49170_86588	Anti_CRISPR
JABDUZ010000001.1_provirus_49170_86588	Anti_CRISPR
JABDUZ010000001.1_provirus_49170_86588	Anti_CRISPR
JABDUZ010000001.1_provirus_49170_86588	Anti_CRISPR
LEJX01000021.1_provirus_34876_64225	Anti_CRISPR
LEJX01000021.1_provirus_34876_64225	Anti_CRISPR
DAFSDZ010000011.1_provirus_10031_48433	Anti_CBASS
FRNO01000164.1_provirus_45480_84656	Anti_CBASS
JALKGS010000015.1_provirus_34932_71664	Anti_CRISPR
JALKGS010000015.1_provirus_34932_71664	Anti_CRISPR
JALKGS010000015.1_provirus_34932_71664	Anti_CRISPR
JALKGS010000015.1_provirus_34932_71664	Anti_CRISPR
CP078006.1_provirus_3833067_3873158	Anti_CBASS
CP125361.1_provirus_4421542_4461037	Anti_CBASS
JAIWRP010000010.1_provirus_137746_176617	Anti_CBASS
JTVI01000010.1_provirus_3_30322	Anti_CBASS
CABISP010000014.1_provirus_85827_117589	Anti_CRISPR
CABISP010000014.1_provirus_85827_117589	Anti_CRISPR
JANYWS010000002.1_provirus_30359_68432	Anti_CBASS
CABIPB010000018.1_provirus_94244_126174	Anti_CRISPR
CABIPB010000018.1_provirus_94244_126174	Anti_CRISPR
CP137491.1_provirus_6801724_6840126	Anti_CBASS
CAUNAB010000015.1_provirus_56157_95807	Anti_CBASS
RXUE01000002.1_provirus_102563_143193	Anti_CBASS
CAUKXG010000011.1_provirus_99644_135769	Anti_CRISPR
CAUKXG010000011.1_provirus_99644_135769	Anti_CRISPR
LEHT01000053.1_provirus_34876_64225	Anti_CRISPR
LEHT01000053.1_provirus_34876_64225	Anti_CRISPR
DAHNJC010000003.1_provirus_104983_144281	Anti_CBASS
CABIRV010000002.1_provirus_215838_254264	Anti_CBASS
JAKKJI010000051.1_provirus_3_31140	Anti_CRISPR
JAKKJI010000051.1_provirus_3_31140	Anti_CRISPR
JAKKJI010000051.1_provirus_3_31140	Anti_CRISPR
JAKKJI010000051.1_provirus_3_31140	Anti_CRISPR
CABIQZ010000001.1_provirus_162864_201290	Anti_CBASS
CAUNEI010000005.1_provirus_117018_156633	Anti_CBASS
CP030913.1_provirus_5902722_5941611	Anti_CBASS
JADTDW010000010.1_provirus_39662_79341	Anti_CBASS
JADSOC010000015.1_provirus_34898_74205	Anti_CBASS
FRNS01000059.1_provirus_40633_79809	Anti_CBASS
CAULSO010000011.1_provirus_30062_69677	Anti_CBASS
JAIWRV010000001.1_provirus_644059_682930	Anti_CBASS
CP056094.1_provirus_945874_982822	Anti_CRISPR
CP056094.1_provirus_945874_982822	Anti_CRISPR
CP056094.1_provirus_945874_982822	Anti_CRISPR
CP056094.1_provirus_945874_982822	Anti_CRISPR
NINP01000020.1_provirus_32512_71184	Anti_CBASS
LEEW01000032.1_provirus_3_29352	Anti_CRISPR
LEEW01000032.1_provirus_3_29352	Anti_CRISPR
LEEW01000032.1_provirus_3_29352	Anti_CRISPR
LEEW01000032.1_provirus_3_29352	Anti_CRISPR
LEHH01000050.1_provirus_34876_64225	Anti_CRISPR
LEHH01000050.1_provirus_34876_64225	Anti_CRISPR
DAIHRG010000015.1_provirus_3_29688	Anti_CBASS
CAULWS010000035.1_provirus_19818_56593	Anti_CRISPR
CAULWS010000035.1_provirus_19818_56593	Anti_CRISPR
CAULWS010000035.1_provirus_19818_56593	Anti_CRISPR
CAULWS010000035.1_provirus_19818_56593	Anti_CRISPR
JADTLQ010000003.1_provirus_267088_303139	Anti_CRISPR
JADTLQ010000003.1_provirus_267088_303139	Anti_CRISPR
JADTGX010000020.1_provirus_1_37352	Anti_CRISPR
JADTGX010000020.1_provirus_1_37352	Anti_CRISPR
CABIRK010000040.1_provirus_4865_36208	Anti_CBASS
SCXM01000035.1_provirus_58_38101	Anti_CBASS
CARTYY010000002.1_provirus_15683_56055	Anti_CBASS
CP136981.1_provirus_5735014_5774042	Anti_CBASS
CP054845.1_provirus_5753774_5792178	Anti_CBASS
FRFM01000005.1_provirus_2_42173	Anti_CBASS
LEKC01000028.1_provirus_3_29352	Anti_CRISPR
LEKC01000028.1_provirus_3_29352	Anti_CRISPR
LEKC01000028.1_provirus_3_29352	Anti_CRISPR
LEKC01000028.1_provirus_3_29352	Anti_CRISPR
LEGF01000072.1_provirus_3_29352	Anti_CRISPR
LEGF01000072.1_provirus_3_29352	Anti_CRISPR
LEGF01000072.1_provirus_3_29352	Anti_CRISPR
LEGF01000072.1_provirus_3_29352	Anti_CRISPR
DAFRIT010000009.1_provirus_33655_70603	Anti_CRISPR
DAFRIT010000009.1_provirus_33655_70603	Anti_CRISPR
CAUMTX010000006.1_provirus_117018_156633	Anti_CBASS
LEHM01000050.1_provirus_3_29352	Anti_CRISPR
LEHM01000050.1_provirus_3_29352	Anti_CRISPR
LEHM01000050.1_provirus_3_29352	Anti_CRISPR
LEHM01000050.1_provirus_3_29352	Anti_CRISPR
CABINH010000020.1_provirus_85861_117638	Anti_CRISPR
CABINH010000020.1_provirus_85861_117638	Anti_CRISPR
CP125365.1_provirus_4422487_4461982	Anti_CBASS
DAFQNW010000024.1_provirus_14959_54253	Anti_CBASS
CP080289.1_provirus_2333570_2373066	Anti_CBASS
SDVQ01000037.1_provirus_21906_68040	Anti_CRISPR
SDVQ01000037.1_provirus_21906_68040	Anti_CRISPR
JAJDQT010000011.1_provirus_53280_90228	Anti_CRISPR
JAJDQT010000011.1_provirus_53280_90228	Anti_CRISPR
JAJDQT010000011.1_provirus_53280_90228	Anti_CRISPR
JAJDQT010000011.1_provirus_53280_90228	Anti_CRISPR
CABISZ010000002.1_provirus_215838_254264	Anti_CBASS
FRFX01000013.1_provirus_325498_365712	Anti_CBASS
CAUMJN010000006.1_provirus_117018_156633	Anti_CBASS
LDMJ01000060.1_provirus_34876_64225	Anti_CRISPR
LDMJ01000060.1_provirus_34876_64225	Anti_CRISPR
CP041771.1_provirus_5433432_5472927	Anti_CBASS
CAULTZ010000011.1_provirus_123181_163275	Anti_CBASS
FRNK01000013.1_provirus_40625_79801	Anti_CBASS
CABIKW010000018.1_provirus_62225_94504	Anti_CRISPR
CABIKW010000018.1_provirus_62225_94504	Anti_CRISPR
LEIK01000051.1_provirus_3_29352	Anti_CRISPR
LEIK01000051.1_provirus_3_29352	Anti_CRISPR
LEIK01000051.1_provirus_3_29352	Anti_CRISPR
LEIK01000051.1_provirus_3_29352	Anti_CRISPR
CP137495.1_provirus_2360302_2398704	Anti_CBASS
CAUMFC010000010.1_provirus_123181_163275	Anti_CBASS
DAJRTF010000009.1_provirus_169677_209292	Anti_CBASS
LDKZ01000069.1_provirus_34876_64225	Anti_CRISPR
LDKZ01000069.1_provirus_34876_64225	Anti_CRISPR
LDKK01000008.1_provirus_191833_228781	Anti_CRISPR
LDKK01000008.1_provirus_191833_228781	Anti_CRISPR
DAIAQQ010000068.1_provirus_153577_195605	Anti_CBASS
FRNJ01000102.1_provirus_269996_309172	Anti_CBASS
FRVB01000011.1_provirus_66212_105388	Anti_CBASS
RWXP01000099.1_provirus_3_31340	Anti_CBASS
JABDUT010000002.1_provirus_178451_218269	Anti_CBASS
JAGHMO010000001.1_provirus_119018_158259	Anti_CRISPR
JAGHMO010000001.1_provirus_119018_158259	Anti_CRISPR
JADSXA010000047.1_provirus_17078_55097	Anti_CRISPR
JADSXA010000047.1_provirus_17078_55097	Anti_CRISPR
CABIMG010000018.1_provirus_85861_117638	Anti_CRISPR
CABIMG010000018.1_provirus_85861_117638	Anti_CRISPR
CABIPM010000002.1_provirus_215838_254264	Anti_CBASS
CABIOH010000001.1_provirus_215556_253982	Anti_CBASS
JTTN01000037.1_provirus_65870_101995	Anti_CRISPR
JTTN01000037.1_provirus_65870_101995	Anti_CRISPR
JTTN01000037.1_provirus_65870_101995	Anti_CRISPR
JTTN01000037.1_provirus_65870_101995	Anti_CRISPR
LRZY01000007.1_provirus_84931_121879	Anti_CRISPR
LRZY01000007.1_provirus_84931_121879	Anti_CRISPR
JANZGE010000009.1_provirus_65157_101282	Anti_CRISPR
JANZGE010000009.1_provirus_65157_101282	Anti_CRISPR
JANZGE010000009.1_provirus_65157_101282	Anti_CRISPR
JANZGE010000009.1_provirus_65157_101282	Anti_CRISPR
VLTX01000001.1_provirus_460553_500650	Anti_CBASS
LSAB01000007.1_provirus_84933_121880	Anti_CRISPR
LSAB01000007.1_provirus_84933_121880	Anti_CRISPR
PPDR01000017.1_provirus_425_37677	Anti_CRISPR
PPDR01000017.1_provirus_425_37677	Anti_CRISPR
PPDR01000017.1_provirus_425_37677	Anti_CRISPR
PPDR01000017.1_provirus_425_37677	Anti_CRISPR
CTFI01000024.1_provirus_603264_642579	Anti_CRISPR
CTFI01000024.1_provirus_603264_642579	Anti_CRISPR
CP125367.1_provirus_4422091_4461586	Anti_CBASS
CABISE010000012.1_provirus_162949_201613	Anti_CBASS
DAFPVB010000003.1_provirus_150275_198260	Anti_CBASS
NIZR01000002.1_provirus_73781_112207	Anti_CBASS
JANYZY010000001.1_provirus_502023_538148	Anti_CRISPR
JANYZY010000001.1_provirus_502023_538148	Anti_CRISPR
CABING010000019.1_provirus_85861_117638	Anti_CRISPR
CABING010000019.1_provirus_85861_117638	Anti_CRISPR
JAOVZY010000004.1_provirus_115540_151662	Anti_CRISPR
JAOVZY010000004.1_provirus_115540_151662	Anti_CRISPR
JAOVZY010000004.1_provirus_115540_151662	Anti_CRISPR
JAOVZY010000004.1_provirus_115540_151662	Anti_CRISPR
SDVM01000035.1_provirus_21906_68040	Anti_CRISPR
SDVM01000035.1_provirus_21906_68040	Anti_CRISPR
JADSOZ010000001.1_provirus_118587_159487	Anti_CBASS
FRGK01000046.1_provirus_325494_365708	Anti_CBASS
LDLD01000002.1_provirus_3_29352	Anti_CRISPR
LDLD01000002.1_provirus_3_29352	Anti_CRISPR
LDLD01000002.1_provirus_3_29352	Anti_CRISPR
LDLD01000002.1_provirus_3_29352	Anti_CRISPR
DAFQQD010000019.1_provirus_8329_49060	Anti_CRISPR
DAFQQD010000019.1_provirus_8329_49060	Anti_CRISPR
DAFQQD010000019.1_provirus_8329_49060	Anti_CRISPR
DAFQQD010000019.1_provirus_8329_49060	Anti_CRISPR
CP096946.1_provirus_903706_943700	Anti_CBASS
CP032569.2_provirus_5544829_5583253	Anti_CBASS
JAPUXQ010000002.1_provirus_211740_251400	Anti_CBASS
QVED02000002.1_provirus_232338_271226	Anti_CBASS
JTXD01000046.1_provirus_9688_46247	Anti_CBASS
JAIWRU010000002.1_provirus_76320_115191	Anti_CBASS
LDLY01000028.1_provirus_3_29352	Anti_CRISPR
LDLY01000028.1_provirus_3_29352	Anti_CRISPR
LDLY01000028.1_provirus_3_29352	Anti_CRISPR
LDLY01000028.1_provirus_3_29352	Anti_CRISPR
JADTFZ010000041.1_provirus_16567_52692	Anti_CRISPR
JADTFZ010000041.1_provirus_16567_52692	Anti_CRISPR
RHTA01000001.1_provirus_517439_556699	Anti_CBASS
JAHTEN010000013.1_provirus_65157_101282	Anti_CRISPR
JAHTEN010000013.1_provirus_65157_101282	Anti_CRISPR
JAHTEN010000013.1_provirus_65157_101282	Anti_CRISPR
JAHTEN010000013.1_provirus_65157_101282	Anti_CRISPR
JAJURK010000035.1_provirus_8280_46497	Anti_CRISPR
JAJURK010000035.1_provirus_8280_46497	Anti_CRISPR
JAJURK010000035.1_provirus_8280_46497	Anti_CRISPR
JAJURK010000035.1_provirus_8280_46497	Anti_CRISPR
JAIFKE010000001.1_provirus_1293597_1341941	Anti_CBASS
CP064397.1_provirus_4298232_4337728	Anti_CBASS
JAGXMS010000067.1_provirus_6802_45685	Anti_CBASS
DAFSEO010000024.1_provirus_9666_48068	Anti_CBASS
RWZY01000008.1_provirus_300500_341304	Anti_CBASS
NSMT01000004.1_provirus_210547_250592	Anti_CBASS
FRNT01000167.1_provirus_40635_79811	Anti_CBASS
DAIAQS010000026.1_provirus_153577_195605	Anti_CBASS
CABIRB010000014.1_provirus_162868_194783	Anti_CBASS
LEIU01000033.1_provirus_34484_63836	Anti_CRISPR
LEIU01000033.1_provirus_34484_63836	Anti_CRISPR
LDLH01000055.1_provirus_34876_64225	Anti_CRISPR
LDLH01000055.1_provirus_34876_64225	Anti_CRISPR
JAMZQJ010000022.1_provirus_85790_118002	Anti_CRISPR
JAMZQJ010000022.1_provirus_85790_118002	Anti_CRISPR
JAKFGK010000001.1_provirus_4240814_4280310	Anti_CBASS
JARDUM010000003.1_provirus_3_35274	Anti_CBASS
JADTJA010000006.1_provirus_3_33293	Anti_CBASS
CABINL010000018.1_provirus_85861_117638	Anti_CRISPR
CABINL010000018.1_provirus_85861_117638	Anti_CRISPR
CABITD010000002.1_provirus_215816_254242	Anti_CBASS
LDLG01000058.1_provirus_2_29351	Anti_CRISPR
LDLG01000058.1_provirus_2_29351	Anti_CRISPR
LDLG01000058.1_provirus_2_29351	Anti_CRISPR
LDLG01000058.1_provirus_2_29351	Anti_CRISPR
DAFPAJ010000051.1_provirus_6575_42652	Anti_CRISPR
DAFPAJ010000051.1_provirus_6575_42652	Anti_CRISPR
DAFPAJ010000051.1_provirus_6575_42652	Anti_CRISPR
DAFPAJ010000051.1_provirus_6575_42652	Anti_CRISPR
KK213000.1_provirus_38121_75800	Anti_CRISPR
KK213000.1_provirus_38121_75800	Anti_CRISPR
KK213000.1_provirus_38121_75800	Anti_CRISPR
KK213000.1_provirus_38121_75800	Anti_CRISPR
LDMN01000038.1_provirus_34876_64225	Anti_CRISPR
LDMN01000038.1_provirus_34876_64225	Anti_CRISPR
LEHJ01000062.1_provirus_3_29352	Anti_CRISPR
LEHJ01000062.1_provirus_3_29352	Anti_CRISPR
LEHJ01000062.1_provirus_3_29352	Anti_CRISPR
LEHJ01000062.1_provirus_3_29352	Anti_CRISPR
JAVIJI010000004.1_provirus_110330_149585	Anti_CBASS
CABIOM010000002.1_provirus_321611_360037	Anti_CBASS
JANYQV010000017.1_provirus_67490_104498	Anti_CRISPR
JANYQV010000017.1_provirus_67490_104498	Anti_CRISPR
JAJEJK010000008.1_provirus_56934_93882	Anti_CRISPR
JAJEJK010000008.1_provirus_56934_93882	Anti_CRISPR
JAJEJK010000008.1_provirus_56934_93882	Anti_CRISPR
JAJEJK010000008.1_provirus_56934_93882	Anti_CRISPR
LDME01000077.1_provirus_34876_64225	Anti_CRISPR
LDME01000077.1_provirus_34876_64225	Anti_CRISPR
CABITA010000002.1_provirus_162912_201338	Anti_CBASS
CABIRG010000001.1_provirus_210362_248788	Anti_CBASS
LEJH01000015.1_provirus_36111_65460	Anti_CRISPR
LEJH01000015.1_provirus_36111_65460	Anti_CRISPR
DAFSEA010000001.1_provirus_9843_48245	Anti_CBASS
DAFRIU010000007.1_provirus_33987_70935	Anti_CRISPR
DAFRIU010000007.1_provirus_33987_70935	Anti_CRISPR
MPUU01000037.1_provirus_80141_119051	Anti_CBASS
ABEUTI020000002.1_provirus_414238_450130	Anti_CRISPR
ABEUTI020000002.1_provirus_414238_450130	Anti_CRISPR
ABEUTI020000002.1_provirus_414238_450130	Anti_CRISPR
ABEUTI020000002.1_provirus_414238_450130	Anti_CRISPR
KV800755.1_provirus_68306_104205	Anti_CRISPR
KV800755.1_provirus_68306_104205	Anti_CRISPR
STMG01000031.1_provirus_13983_53698	Anti_CBASS
CAUOFD010000004.1_provirus_117018_156633	Anti_CBASS
CP086213.1_provirus_477796_514744	Anti_CRISPR
CP086213.1_provirus_477796_514744	Anti_CRISPR
CP086213.1_provirus_477796_514744	Anti_CRISPR
CP086213.1_provirus_477796_514744	Anti_CRISPR
JADTLE010000009.1_provirus_14932_52011	Anti_CRISPR
JADTLE010000009.1_provirus_14932_52011	Anti_CRISPR
JADTLE010000009.1_provirus_14932_52011	Anti_CRISPR
JADTLE010000009.1_provirus_14932_52011	Anti_CRISPR
LDLF01000012.1_provirus_3_29352	Anti_CRISPR
LDLF01000012.1_provirus_3_29352	Anti_CRISPR
LDLF01000012.1_provirus_3_29352	Anti_CRISPR
LDLF01000012.1_provirus_3_29352	Anti_CRISPR
JASAGC010000019.1_provirus_1_29465	Anti_CBASS
CABISM010000014.1_provirus_162903_196663	Anti_CBASS
LEGB01000037.1_provirus_2_29351	Anti_CRISPR
LEGB01000037.1_provirus_2_29351	Anti_CRISPR
LEGB01000037.1_provirus_2_29351	Anti_CRISPR
LEGB01000037.1_provirus_2_29351	Anti_CRISPR
JANZBA010000011.1_provirus_65157_101282	Anti_CRISPR
JANZBA010000011.1_provirus_65157_101282	Anti_CRISPR
JANZBA010000011.1_provirus_65157_101282	Anti_CRISPR
JANZBA010000011.1_provirus_65157_101282	Anti_CRISPR
LEHN01000039.1_provirus_34876_64225	Anti_CRISPR
LEHN01000039.1_provirus_34876_64225	Anti_CRISPR
SDVN01000028.1_provirus_7533_44541	Anti_CRISPR
SDVN01000028.1_provirus_7533_44541	Anti_CRISPR
SDVN01000028.1_provirus_7533_44541	Anti_CRISPR
SDVN01000028.1_provirus_7533_44541	Anti_CRISPR
JAOVDP010000008.1_provirus_249083_285858	Anti_CRISPR
JAOVDP010000008.1_provirus_249083_285858	Anti_CRISPR
JAOVDP010000008.1_provirus_249083_285858	Anti_CRISPR
JAOVDP010000008.1_provirus_249083_285858	Anti_CRISPR
NFFF01000001.1_provirus_325258_364918	Anti_CBASS
LEGY01000026.1_provirus_3_29352	Anti_CRISPR
LEGY01000026.1_provirus_3_29352	Anti_CRISPR
LEGY01000026.1_provirus_3_29352	Anti_CRISPR
LEGY01000026.1_provirus_3_29352	Anti_CRISPR
CABIMZ010000020.1_provirus_85912_117842	Anti_CRISPR
CABIMZ010000020.1_provirus_85912_117842	Anti_CRISPR
LDLS01000064.1_provirus_34886_64235	Anti_CRISPR
LDLS01000064.1_provirus_34886_64235	Anti_CRISPR
JALHAX010000001.1_provirus_102857_141283	Anti_CBASS
CP116682.1_provirus_6010542_6047803	Anti_CRISPR
CP116682.1_provirus_6010542_6047803	Anti_CRISPR
CP054790.1_provirus_2977570_3016090	Anti_CRISPR
CP054790.1_provirus_2977570_3016090	Anti_CRISPR
LZQE01000012.1_provirus_50070_107252	Anti_CBASS
LDMM01000077.1_provirus_3_29352	Anti_CRISPR
LDMM01000077.1_provirus_3_29352	Anti_CRISPR
LDMM01000077.1_provirus_3_29352	Anti_CRISPR
LDMM01000077.1_provirus_3_29352	Anti_CRISPR
LEHF01000044.1_provirus_3_29352	Anti_CRISPR
LEHF01000044.1_provirus_3_29352	Anti_CRISPR
LEHF01000044.1_provirus_3_29352	Anti_CRISPR
LEHF01000044.1_provirus_3_29352	Anti_CRISPR
JAPFID010000063.1_provirus_178895_218355	Anti_CBASS
DAIZOH010000001.1_provirus_204196_235069	Anti_CBASS
CP056094.1_provirus_6155233_6192170	Anti_CRISPR
LDMV01000031.1_provirus_35011_64360	Anti_CRISPR
LDMV01000031.1_provirus_35011_64360	Anti_CRISPR
FRNN01000046.1_provirus_40633_79809	Anti_CBASS
SDVK01000034.1_provirus_7387_44395	Anti_CRISPR
SDVK01000034.1_provirus_7387_44395	Anti_CRISPR
SDVK01000034.1_provirus_7387_44395	Anti_CRISPR
SDVK01000034.1_provirus_7387_44395	Anti_CRISPR
WXZU01000005.1_provirus_1_40545	Anti_CBASS
LEIN01000038.1_provirus_3_29352	Anti_CRISPR
LEIN01000038.1_provirus_3_29352	Anti_CRISPR
LEIN01000038.1_provirus_3_29352	Anti_CRISPR
LEIN01000038.1_provirus_3_29352	Anti_CRISPR
LDLU01000043.1_provirus_3_29352	Anti_CRISPR
LDLU01000043.1_provirus_3_29352	Anti_CRISPR
LDLU01000043.1_provirus_3_29352	Anti_CRISPR
LDLU01000043.1_provirus_3_29352	Anti_CRISPR
CAUNKG010000008.1_provirus_1_33593	Anti_CBASS
CABIPE010000020.1_provirus_85861_117638	Anti_CRISPR
CABIPE010000020.1_provirus_85861_117638	Anti_CRISPR
CABITQ010000003.1_provirus_215821_254247	Anti_CBASS
CAUMDM010000010.1_provirus_123181_163275	Anti_CBASS
JAKLAB010000229.1_provirus_27778_60998	Anti_CBASS
CP120883.1_provirus_1835974_1873284	Anti_CRISPR
CP120883.1_provirus_1835974_1873284	Anti_CRISPR
CP120883.1_provirus_1835974_1873284	Anti_CRISPR
CP120883.1_provirus_1835974_1873284	Anti_CRISPR
JASAHB010000013.1_provirus_2_34525	Anti_CBASS
JALITV010000035.1_provirus_15_31952	Anti_CRISPR
JALITV010000035.1_provirus_15_31952	Anti_CRISPR
CAUMQU010000006.1_provirus_118049_157664	Anti_CBASS
CABITB010000001.1_provirus_215838_254264	Anti_CBASS
LDMG01000025.1_provirus_3_29352	Anti_CRISPR
LDMG01000025.1_provirus_3_29352	Anti_CRISPR
LDMG01000025.1_provirus_3_29352	Anti_CRISPR
LDMG01000025.1_provirus_3_29352	Anti_CRISPR
MVGV01000004.1_provirus_196204_235864	Anti_CBASS
AP014646.1_provirus_1292394_1340738	Anti_CBASS
QMGO01000001.1_provirus_1404275_1445227	Anti_CBASS
JARKJH010000015.1_provirus_227742_266636	Anti_CBASS
JAEHYP010000018.1_provirus_61681_101801	Anti_CBASS
CAULPE010000004.1_provirus_142546_182196	Anti_CBASS
LYTV01000002.1_provirus_79646_118257	Anti_CBASS
CABIOY010000020.1_provirus_85861_117626	Anti_CRISPR
CABIOY010000020.1_provirus_85861_117626	Anti_CRISPR
LDMI01000055.1_provirus_34876_64225	Anti_CRISPR
LDMI01000055.1_provirus_34876_64225	Anti_CRISPR
CP093965.1_provirus_514403_554063	Anti_CBASS
CP064395.1_provirus_4296683_4336179	Anti_CBASS
JAJURJ010000006.1_provirus_181886_218864	Anti_CRISPR
JAJURJ010000006.1_provirus_181886_218864	Anti_CRISPR
JAJURJ010000006.1_provirus_181886_218864	Anti_RM
DAIHRL010000053.1_provirus_12060_43687	Anti_CRISPR
DAIHRL010000053.1_provirus_12060_43687	Anti_CRISPR
JANZGS010000004.1_provirus_341262_380628	Anti_CBASS
CP120883.1_provirus_3064947_3116776	Anti_CRISPR
CP120883.1_provirus_3064947_3116776	Anti_CRISPR
MWYF01000003.1_provirus_10553_46678	Anti_CRISPR
MWYF01000003.1_provirus_10553_46678	Anti_CRISPR
MWYF01000003.1_provirus_10553_46678	Anti_CRISPR
MWYF01000003.1_provirus_10553_46678	Anti_CRISPR
CAUNMX010000011.1_provirus_36376_76470	Anti_CBASS
LS998783.1_provirus_1506760_1546054	Anti_CBASS
AP014646.1_provirus_5604531_5643538	Anti_CBASS
JTZX01000014.1_provirus_77332_114108	Anti_CRISPR
JTZX01000014.1_provirus_77332_114108	Anti_CRISPR
JTZX01000014.1_provirus_77332_114108	Anti_CRISPR
JTZX01000014.1_provirus_77332_114108	Anti_CRISPR
JANUWW010000049.1_provirus_87427_127087	Anti_CBASS
CABISG010000014.1_provirus_162847_196158	Anti_CBASS
CARSMB010000016.1_provirus_58030_97898	Anti_CBASS
CP043328.1_provirus_1005537_1043939	Anti_CBASS
LEHP01000033.1_provirus_3_29352	Anti_CRISPR
LEHP01000033.1_provirus_3_29352	Anti_CRISPR
LEHP01000033.1_provirus_3_29352	Anti_CRISPR
LEHP01000033.1_provirus_3_29352	Anti_CRISPR
FRGL01000002.1_provirus_31096_71310	Anti_CBASS
LEGK01000019.1_provirus_35053_64402	Anti_CRISPR
LEGK01000019.1_provirus_35053_64402	Anti_CRISPR
LEJB01000086.1_provirus_2_29351	Anti_CRISPR
LEJB01000086.1_provirus_2_29351	Anti_CRISPR
LEJB01000086.1_provirus_2_29351	Anti_CRISPR
LEJB01000086.1_provirus_2_29351	Anti_CRISPR
LEGA01000028.1_provirus_35053_64402	Anti_CRISPR
LEGA01000028.1_provirus_35053_64402	Anti_CRISPR
CABIRF010000001.1_provirus_210362_248788	Anti_CBASS
CP096929.1_provirus_903968_943962	Anti_CBASS
CABIMM010000018.1_provirus_85861_117638	Anti_CRISPR
CABIMM010000018.1_provirus_85861_117638	Anti_CRISPR
RXWC01000030.1_provirus_107617_149046	Anti_CBASS
JAIWRS010000002.1_provirus_76421_115292	Anti_CBASS
MPBS01000001.1_provirus_4632609_4671101	Anti_CBASS
CP123785.1_provirus_524294_565363	Anti_CBASS
CABIQU010000001.1_provirus_210362_248788	Anti_CBASS
CP030075.1_provirus_2542495_2581228	Anti_CBASS
JAWIWQ010000023.1_provirus_1_37376	Anti_CBASS
CABINS010000023.1_provirus_62381_94209	Anti_CRISPR
CABINS010000023.1_provirus_62381_94209	Anti_CRISPR
CABIOJ010000021.1_provirus_85861_117791	Anti_CRISPR
CABIOJ010000021.1_provirus_85861_117791	Anti_CRISPR
DARROJ010000015.1_provirus_165713_197501	Anti_CBASS
VLTX01000015.1_provirus_78892_115017	Anti_CRISPR
VLTX01000015.1_provirus_78892_115017	Anti_CRISPR
LEJO01000025.1_provirus_3_29352	Anti_CRISPR
LEJO01000025.1_provirus_3_29352	Anti_CRISPR
LEJO01000025.1_provirus_3_29352	Anti_CRISPR
LEJO01000025.1_provirus_3_29352	Anti_CRISPR
LEEV01000048.1_provirus_34876_64225	Anti_CRISPR
LEEV01000048.1_provirus_34876_64225	Anti_CRISPR
LEGE01000044.1_provirus_34877_64229	Anti_CRISPR
LEGE01000044.1_provirus_34877_64229	Anti_CRISPR
NRBP01000013.1_provirus_14332_53539	Anti_CBASS
